market_price,grid_demand,temp,humidity,wind_speed,cloud_coverage,irradiance,direct_radiation,dni,energy_output,price_lag_1h,price_lag_2h,price_lag_3h,price_lag_24h,price_lag_168h,demand_lag_1h,demand_lag_24h,price_rolling_6h,price_rolling_24h,demand_rolling_6h,price_diff_1h,price_diff_24h,hour,day_of_week,is_weekend,is_peak_hour
15.77,44049.28,15.4,55,6.4,0,0.0,0.0,0.0,47.84,19.32,20.66,20.08,18.39,18.02,45631.1,42904.89,20.323333333333334,16.731666666666666,47763.30833333333,-3.5500000000000007,-2.620000000000001,0,5,1,0
15.85,42863.91,14.2,61,5.3,0,0.0,0.0,0.0,34.34,15.77,19.32,20.66,15.06,16.66,44049.28,41810.6,18.956666666666667,16.76458333333333,46424.86166666667,0.08000000000000007,0.7899999999999991,1,5,1,0
16.18,42010.11,13.6,64,10.5,0,0.0,0.0,0.0,99.4,15.85,15.77,19.32,12.56,16.03,42863.91,41163.62,17.976666666666663,16.915416666666665,45109.94166666667,0.33000000000000007,3.619999999999999,2,5,1,0
17.58,41431.84,13.2,67,10.0,0,0.0,0.0,0.0,92.42,16.18,15.85,15.77,13.37,14.6,42010.11,41016.18,17.56,17.090833333333332,43882.113333333335,1.3999999999999986,4.209999999999999,3,5,1,0
16.65,41298.5,12.7,71,12.4,0,0.0,0.0,0.0,124.48,17.58,16.18,15.85,16.01,14.43,41431.84,41447.59,16.891666666666666,17.117499999999996,42880.79,-0.9299999999999997,0.639999999999997,4,5,1,0
20.25,41621.64,11.9,77,12.1,0,0.0,0.0,0.0,125.73,16.65,17.58,16.18,19.22,15.31,41298.5,42430.75,17.046666666666667,17.160416666666666,42212.54666666667,3.6000000000000014,1.0300000000000011,5,5,1,0
22.87,42555.27,11.0,87,12.0,0,0.0,0.0,0.0,125.54,20.25,16.65,17.58,21.49,13.46,41621.64,44131.57,18.23,17.217916666666664,41963.545,2.620000000000001,1.3800000000000026,6,5,1,0
25.12,43711.16,10.2,89,13.5,1,0.0,0.0,0.0,127.19,22.87,20.25,16.65,22.0,13.46,42555.27,45486.96,19.775000000000002,17.347916666666666,42104.753333333334,2.25,3.120000000000001,7,5,1,0
18.46,45115.12,9.8,83,13.1,0,8.0,3.0,39.0,125.15,25.12,22.87,20.25,16.99,12.43,43711.16,46141.26,20.154999999999998,17.409166666666668,42622.255,-6.66,1.4700000000000024,8,5,1,0
15.0,46226.92,10.3,73,14.0,0,133.0,89.0,519.1,135.72,18.46,25.12,22.87,4.81,10.89,45115.12,46683.57,19.724999999999998,17.83375,43421.435000000005,-3.460000000000001,10.190000000000001,9,5,1,0
15.34,46821.38,11.4,64,13.1,0,300.0,233.0,700.8,138.91,15.0,18.46,25.12,4.82,11.47,46226.92,47263.45,19.506666666666668,18.27208333333333,44341.915,0.33999999999999986,10.52,10,5,1,0
15.65,47306.74,12.8,56,13.4,0,440.0,358.0,784.1,154.87,15.34,15.0,18.46,5.12,11.3,46821.38,47887.46,18.74,18.710833333333333,45289.431666666664,0.3100000000000005,10.530000000000001,11,5,1,0
15.82,47823.97,14.9,50,12.1,0,538.0,456.0,851.8,153.48,15.65,15.34,15.0,5.97,10.51,47306.74,48882.58,17.565,19.12125,46167.54833333334,0.16999999999999993,9.850000000000001,12,5,1,0
16.54,48207.38,16.4,44,11.7,0,573.0,489.0,868.1,146.14,15.82,15.65,15.34,10.03,11.41,47823.97,49931.54,16.135,19.3925,46916.918333333335,0.7199999999999989,6.51,13,5,1,0
15.66,48498.41,17.1,40,12.0,0,544.0,461.0,855.8,148.69,16.54,15.82,15.65,10.19,11.37,48207.38,50979.74,15.668333333333335,19.620416666666667,47480.799999999996,-0.879999999999999,5.470000000000001,14,5,1,1
14.65,48893.72,17.2,40,11.9,0,455.0,378.0,816.3,147.35,15.66,16.54,15.82,9.03,11.73,48498.41,51964.14,15.61,19.854583333333334,47925.26666666666,-1.0099999999999998,5.620000000000001,15,5,1,1
24.44,49133.49,16.8,40,12.5,0,315.0,249.0,728.8,139.79,14.65,15.66,16.54,20.0,18.37,48893.72,52538.74,17.126666666666665,20.039583333333333,48310.618333333325,9.790000000000001,4.440000000000001,16,5,1,1
49.88,49547.33,15.9,42,11.3,5,144.0,99.0,541.8,123.3,24.44,14.65,15.66,41.79,26.16,49133.49,52167.5,22.831666666666667,20.376666666666665,48684.049999999996,25.44,8.090000000000003,17,5,1,1
44.76,50016.19,15.1,43,9.8,0,13.0,6.0,72.3,94.11,49.88,24.44,14.65,31.16,23.19,49547.33,52163.16,27.655,20.943333333333335,49049.420000000006,-5.1200000000000045,13.599999999999998,18,5,1,1
40.2,49007.99,14.4,45,9.8,0,0.0,0.0,0.0,91.82,44.76,49.88,24.44,24.05,21.79,50016.19,50894.59,31.598333333333333,21.616249999999997,49182.855,-4.559999999999995,16.150000000000002,19,5,1,1
32.94,47628.16,13.7,47,9.2,0,0.0,0.0,0.0,81.17,40.2,44.76,49.88,22.06,19.5,49007.99,49899.63,34.47833333333333,22.06958333333333,49037.81333333333,-7.260000000000005,10.879999999999999,20,5,1,1
27.86,47327.94,12.9,49,9.2,0,0.0,0.0,0.0,79.17,32.94,40.2,44.76,20.08,18.0,47628.16,48798.81,36.68,22.39375,48776.85,-5.079999999999998,7.780000000000001,21,5,1,0
26.45,46381.14,12.1,51,8.8,0,0.0,0.0,0.0,76.98,27.86,32.94,40.2,20.66,19.84,47327.94,47306.44,37.015,22.634999999999994,48318.125,-1.4100000000000001,5.789999999999999,22,5,1,0
25.51,44851.48,11.3,51,7.8,0,0.0,0.0,0.0,67.92,26.45,27.86,32.94,19.32,18.17,46381.14,45631.1,32.953333333333326,22.892916666666668,47535.48333333334,-0.9399999999999977,6.190000000000001,23,5,1,0
22.23,43561.92,9.8,54,5.5,9,0.0,0.0,0.0,39.34,25.51,26.45,27.86,15.77,15.98,44851.48,44049.28,29.198333333333334,23.16208333333333,46459.77166666667,-3.280000000000001,6.460000000000001,0,6,1,0
21.18,42695.53,8.8,58,4.3,2,0.0,0.0,0.0,23.01,22.23,25.51,26.45,15.85,12.85,43561.92,42863.91,26.028333333333336,23.38416666666667,45407.695,-1.0500000000000007,5.33,1,6,1,0
19.99,42367.59,7.8,64,3.0,0,0.0,0.0,0.0,16.11,21.18,22.23,25.51,16.18,11.17,42695.53,42010.11,23.87,23.54291666666667,44530.93333333333,-1.1900000000000013,3.8099999999999987,2,6,1,0
20.81,42373.12,7.3,67,0.9,28,0.0,0.0,0.0,3.72,19.99,21.18,22.23,17.58,11.14,42367.59,41431.84,22.694999999999997,23.6775,43705.13,0.8200000000000003,3.2300000000000004,3,6,1,0
20.68,42578.67,6.8,69,0.9,84,0.0,0.0,0.0,0.0,20.81,19.99,21.18,16.65,12.48,42373.12,41298.5,21.733333333333334,23.84541666666667,43071.385,-0.129999999999999,4.030000000000001,4,6,1,0
21.12,43249.25,6.6,71,4.8,100,0.0,0.0,0.0,32.01,20.68,20.81,19.99,20.25,14.6,42578.67,41621.64,21.001666666666665,23.88166666666667,42804.346666666665,0.4400000000000013,0.870000000000001,5,6,1,0
19.77,44509.54,5.1,75,5.2,100,0.0,0.0,0.0,35.75,21.12,20.68,20.81,22.87,13.52,43249.25,42555.27,20.591666666666665,23.7525,42962.28333333333,-1.3500000000000014,-3.1000000000000014,6,6,1,0
19.85,45927.68,4.6,80,1.6,99,0.0,0.0,0.0,2.64,19.77,21.12,20.68,25.12,14.25,44509.54,43711.16,20.37,23.53291666666667,43500.975,0.08000000000000185,-5.27,7,6,1,0
16.07,46971.24,4.9,79,4.2,100,8.0,1.0,13.0,27.3,19.85,19.77,21.12,18.46,14.88,45927.68,45115.12,19.716666666666665,23.433333333333334,44268.25,-3.780000000000001,-2.3900000000000006,8,6,1,0
7.54,47580.62,6.3,75,4.1,100,106.0,35.0,204.2,31.89,16.07,19.85,19.77,15.0,13.79,46971.24,46226.92,17.505,23.1225,45136.166666666664,-8.530000000000001,-7.46,9,6,1,0
7.44,47005.12,8.4,65,5.0,96,239.0,90.0,270.5,48.74,7.54,16.07,19.85,15.34,12.47,47580.62,46821.38,15.298333333333332,22.793333333333333,45873.90833333333,-0.09999999999999964,-7.8999999999999995,10,6,1,0
3.39,46616.43,11.1,55,5.5,96,423.0,299.0,653.9,63.01,7.44,7.54,16.07,15.65,12.27,47005.12,47306.74,12.343333333333332,22.2825,46435.105,-4.050000000000001,-12.26,11,6,1,0
1.86,46669.01,13.9,53,6.6,100,515.0,378.0,704.7,72.48,3.39,7.44,7.54,15.82,11.68,46616.43,47823.97,9.358333333333333,21.700833333333335,46795.01666666666,-1.53,-13.96,12,6,1,0
1.15,46812.14,15.8,46,6.6,98,558.0,434.0,768.4,75.95,1.86,3.39,7.44,16.54,11.89,46669.01,48207.38,6.241666666666666,21.059583333333332,46942.426666666666,-0.7100000000000002,-15.389999999999999,13,6,1,0
1.0,47109.09,16.8,42,7.7,100,473.0,281.0,519.8,89.3,1.15,1.86,3.39,15.66,13.6,46812.14,48498.41,3.73,20.44875,46965.40166666667,-0.1499999999999999,-14.66,14,6,1,1
0.44,47451.59,16.8,43,9.9,100,250.0,36.0,77.4,107.49,1.0,1.15,1.86,14.65,13.18,47109.09,48893.72,2.546666666666667,19.856666666666666,46943.89666666667,-0.56,-14.21,15,6,1,1
10.16,48162.2,17.0,43,9.8,100,178.0,18.0,52.3,102.48,0.44,1.0,1.15,24.44,19.32,47451.59,49133.49,3.0,19.261666666666667,47136.743333333325,9.72,-14.280000000000001,16,6,1,1
22.98,49286.0,16.8,46,8.6,100,85.0,6.0,32.4,91.47,10.16,0.44,1.0,49.88,23.4,48162.2,49547.33,6.265000000000001,18.140833333333333,47581.67166666667,12.82,-26.900000000000002,17,6,1,1
23.29,50369.01,15.7,52,9.6,100,10.0,1.0,11.9,91.45,22.98,10.16,0.44,44.76,22.74,49286.0,50016.19,9.836666666666666,17.24625,48198.338333333326,0.3099999999999987,-21.47,18,6,1,1
21.51,50109.76,15.1,57,12.5,100,0.0,0.0,0.0,128.11,23.29,22.98,10.16,40.2,20.81,50369.01,49007.99,13.229999999999999,16.467499999999998,48747.94166666666,-1.7799999999999976,-18.69,19,6,1,1
19.61,49545.77,14.4,61,12.0,100,0.0,0.0,0.0,127.57,21.51,23.29,22.98,32.94,18.24,50109.76,47628.16,16.331666666666667,15.912083333333333,49154.055,-1.9000000000000021,-13.329999999999998,20,6,1,1
17.96,48493.53,14.1,63,12.9,87,0.0,0.0,0.0,126.66,19.61,21.51,23.29,27.86,17.46,49545.77,47327.94,19.25166666666667,15.499583333333334,49327.71166666666,-1.6499999999999986,-9.899999999999999,21,6,1,0
19.39,46958.01,13.8,65,13.5,91,0.0,0.0,0.0,123.76,17.96,19.61,21.51,26.45,19.16,48493.53,46381.14,20.79,15.205416666666666,49127.013333333336,1.4299999999999997,-7.059999999999999,22,6,1,0
17.55,45190.34,13.4,67,13.8,20,0.0,0.0,0.0,126.98,19.39,17.96,19.61,25.51,16.79,46958.01,44851.48,19.885,14.873750000000001,48444.40333333333,-1.8399999999999999,-7.960000000000001,23,6,1,0
13.28,43845.36,11.9,73,12.8,71,0.0,0.0,0.0,122.39,17.55,19.39,17.96,22.23,18.4,45190.34,43561.92,18.216666666666665,14.500833333333333,47357.128333333334,-4.270000000000001,-8.950000000000001,0,0,0,0
13.08,43110.04,11.6,75,12.6,88,0.0,0.0,0.0,124.0,13.28,17.55,19.39,21.18,19.46,43845.36,42695.53,16.811666666666664,14.163333333333332,46190.50833333333,-0.1999999999999993,-8.1,1,0,0,0
12.46,42597.87,11.6,75,13.5,73,0.0,0.0,0.0,123.25,13.08,13.28,17.55,19.99,18.92,43110.04,42367.59,15.62,13.849583333333335,45032.525,-0.6199999999999992,-7.529999999999998,2,0,0,0
15.26,42597.13,11.6,75,13.0,32,0.0,0.0,0.0,124.95,12.46,13.08,13.28,20.81,20.05,42597.87,42373.12,15.17,13.618333333333334,44049.791666666664,2.799999999999999,-5.549999999999999,3,0,0,0
16.22,43581.92,11.4,75,11.9,16,0.0,0.0,0.0,130.1,15.26,12.46,13.08,20.68,20.94,42597.13,42578.67,14.641666666666666,13.4325,43487.10999999999,0.9599999999999991,-4.460000000000001,4,0,0,0
19.39,45370.18,11.1,77,11.3,0,0.0,0.0,0.0,108.35,16.22,15.26,12.46,21.12,23.86,43581.92,43249.25,14.948333333333332,13.360416666666667,43517.083333333336,3.1700000000000017,-1.7300000000000004,5,0,0,0
23.64,47878.3,10.9,83,11.1,1,0.0,0.0,0.0,113.0,19.39,16.22,15.26,19.77,25.53,45370.18,44509.54,16.675,13.521666666666668,44189.24,4.25,3.870000000000001,6,0,0,0
24.33,49529.63,10.8,88,12.1,0,0.0,0.0,0.0,119.87,23.64,19.39,16.22,19.85,30.96,47878.3,45927.68,18.55,13.708333333333334,45259.17166666666,0.6899999999999977,4.479999999999997,7,0,0,0
22.99,49924.55,11.1,91,13.0,0,9.0,3.0,39.1,123.74,24.33,23.64,19.39,16.07,27.47,49529.63,46971.24,20.305,13.996666666666668,46480.285,-1.3399999999999999,6.919999999999998,8,0,0,0
18.23,50261.83,12.9,83,12.5,9,126.0,81.0,472.6,134.27,22.99,24.33,23.64,7.54,21.81,49924.55,47580.62,20.8,14.442083333333334,47757.73499999999,-4.759999999999998,10.690000000000001,9,0,0,0
14.24,50520.44,15.4,78,18.3,97,283.0,201.0,603.4,139.05,18.23,22.99,24.33,7.44,18.91,50261.83,47005.12,20.470000000000002,14.725416666666666,48914.155,-3.99,6.8,10,0,0,0
12.48,50551.07,16.2,80,21.5,100,320.0,154.0,336.2,137.47,14.24,18.23,22.99,3.39,17.45,50520.44,46616.43,19.318333333333335,15.104166666666666,49777.636666666665,-1.7599999999999998,9.09,11,0,0,0
9.99,50583.71,16.9,81,19.9,100,310.0,89.0,165.5,138.06,12.48,14.24,18.23,1.86,16.52,50551.07,46669.01,17.043333333333333,15.442916666666667,50228.53833333333,-2.49,8.13,12,0,0,0
9.4,50797.86,18.7,72,19.5,93,269.0,26.0,45.9,140.2,9.99,12.48,14.24,1.15,18.98,50583.71,46812.14,14.555000000000001,15.786666666666667,50439.91,-0.5899999999999999,8.25,13,0,0,0
8.24,51261.84,20.4,64,17.9,16,411.0,252.0,464.5,143.07,9.4,9.99,12.48,1.0,22.18,50797.86,47109.09,12.096666666666666,16.088333333333335,50662.791666666664,-1.1600000000000001,7.24,14,0,0,1
6.9,51611.27,21.0,62,17.5,45,412.0,299.0,639.5,145.96,8.24,9.4,9.99,0.44,26.18,51261.84,47451.59,10.208333333333334,16.3575,50887.698333333334,-1.3399999999999999,6.46,15,0,0,1
17.48,51932.75,21.3,60,17.3,36,313.0,247.0,712.8,140.49,6.9,8.24,9.4,10.16,34.3,51611.27,48162.2,10.748333333333335,16.662499999999998,51123.083333333336,10.58,7.32,16,0,0,1
31.21,52430.58,20.5,64,14.6,100,144.0,98.0,521.8,129.95,17.48,6.9,8.24,22.98,47.59,51932.75,49286.0,13.87,17.005416666666665,51436.335,13.73,8.23,17,0,0,1
25.84,53362.0,18.9,71,12.8,100,14.0,6.0,70.1,131.84,31.21,17.48,6.9,23.29,58.85,52430.58,50369.01,16.511666666666667,17.111666666666668,51899.38333333333,-5.370000000000001,2.5500000000000007,18,0,0,1
22.41,52691.3,18.5,72,13.3,100,0.0,0.0,0.0,126.61,25.84,31.21,17.48,21.51,69.46,53362.0,50109.76,18.680000000000003,17.14916666666667,52214.956666666665,-3.4299999999999997,0.8999999999999986,19,0,0,1
21.42,51647.3,18.3,75,14.7,100,0.0,0.0,0.0,118.63,22.41,25.84,31.21,19.61,68.09,52691.3,49545.77,20.876666666666665,17.22458333333333,52279.200000000004,-0.9899999999999984,1.8100000000000023,20,0,0,1
17.74,50181.96,18.5,76,15.5,100,0.0,0.0,0.0,125.27,21.42,22.41,25.84,17.96,61.18,51647.3,48493.53,22.683333333333334,17.215416666666666,52040.98166666667,-3.6800000000000033,-0.22000000000000242,21,0,0,0
17.62,47978.85,18.6,76,15.5,100,0.0,0.0,0.0,122.72,17.74,21.42,22.41,19.39,51.38,50181.96,46958.01,22.706666666666667,17.141666666666666,51381.99833333333,-0.11999999999999744,-1.7699999999999996,22,0,0,0
16.44,45740.92,18.6,77,15.5,99,0.0,0.0,0.0,127.26,17.62,17.74,21.42,17.55,45.62,47978.85,45190.34,20.245,17.095416666666665,50267.055,-1.1799999999999997,-1.1099999999999994,23,0,0,0
15.65,44005.54,18.1,80,16.1,34,0.0,0.0,0.0,122.33,16.44,17.62,17.74,13.28,48.76,45740.92,43845.36,18.546666666666667,17.194166666666668,48707.645,-0.7900000000000009,2.370000000000001,0,1,0,0
15.27,42935.13,17.6,82,15.7,39,0.0,0.0,0.0,124.36,15.65,16.44,17.62,13.08,47.19,44005.54,43110.04,17.35666666666667,17.285416666666666,47081.61666666667,-0.3800000000000008,2.1899999999999995,1,1,0,0
14.71,42241.83,17.1,84,15.1,98,0.0,0.0,0.0,126.22,15.27,15.65,16.44,12.46,50.0,42935.13,42597.87,16.238333333333333,17.379166666666666,45514.03833333333,-0.5599999999999987,2.25,2,1,0,0
13.94,41833.39,17.4,82,14.3,93,0.0,0.0,0.0,127.3,14.71,15.27,15.65,15.26,50.0,42241.83,42597.13,15.604999999999999,17.324166666666667,44122.61000000001,-0.7700000000000014,-1.3200000000000003,3,1,0,0
14.0,42508.1,17.0,82,13.2,12,0.0,0.0,0.0,121.11,13.94,14.71,15.27,16.22,48.97,41833.39,43581.92,15.001666666666665,17.231666666666666,43210.818333333336,0.0600000000000005,-2.219999999999999,4,1,0,0
17.32,44060.7,16.2,82,11.4,27,0.0,0.0,0.0,114.47,14.0,13.94,14.71,19.39,72.0,42508.1,45370.18,15.148333333333333,17.145416666666666,42930.78166666666,3.3200000000000003,-2.0700000000000003,5,1,0,0
23.47,46866.91,16.5,81,11.1,100,0.0,0.0,0.0,109.52,17.32,14.0,13.94,23.64,80.0,44060.7,47878.3,16.451666666666668,17.138333333333332,43407.676666666666,6.149999999999999,-0.1700000000000017,6,1,0,0
26.36,48191.11,16.3,70,10.9,100,0.0,0.0,0.0,106.0,23.47,17.32,14.0,24.33,84.57,46866.91,49529.63,18.3,17.222916666666666,44283.67333333333,2.8900000000000006,2.030000000000001,7,1,0,0
20.79,48548.01,15.7,59,11.5,90,8.0,2.0,26.1,122.69,26.36,23.47,17.32,22.99,40.89,48191.11,49924.55,19.313333333333333,17.131249999999998,45334.70333333333,-5.57,-2.1999999999999993,8,1,0,0
17.75,49052.08,17.0,43,11.6,91,129.0,77.0,449.0,126.19,20.79,26.36,23.47,18.23,25.01,48548.01,50261.83,19.948333333333334,17.11125,46537.818333333336,-3.039999999999999,-0.4800000000000004,9,1,0,0
18.61,49579.58,18.3,31,12.5,54,288.0,185.0,554.5,135.33,17.75,20.79,26.36,14.24,23.58,49052.08,50520.44,20.716666666666665,17.293333333333333,47716.39833333334,0.8599999999999994,4.369999999999999,10,1,0,0
18.68,50252.71,19.6,25,13.2,63,459.0,368.0,801.9,150.41,18.61,17.75,20.79,12.48,19.79,49579.58,50551.07,20.94333333333333,17.551666666666666,48748.4,0.07000000000000028,6.199999999999999,11,1,0,0
18.62,51089.15,21.5,20,11.0,22,554.0,448.0,831.3,143.52,18.68,18.61,17.75,9.99,16.75,50252.71,50583.71,20.135,17.91125,49452.10666666667,-0.05999999999999872,8.63,12,1,0,0
20.65,52092.93,22.9,19,10.2,3,605.0,519.0,913.5,131.08,18.62,18.68,18.61,9.4,14.4,51089.15,50797.86,19.183333333333334,18.38,50102.41,2.0299999999999976,11.249999999999998,13,1,0,0
20.06,53222.28,23.9,18,8.8,2,576.0,495.0,908.9,102.56,20.65,18.62,18.68,8.24,10.19,52092.93,51261.84,19.061666666666667,18.8725,50881.454999999994,-0.5899999999999999,11.819999999999999,14,1,0,1
18.7,53947.09,24.4,18,9.2,0,483.0,407.0,866.1,106.41,20.06,20.65,18.62,6.9,10.39,53222.28,51611.27,19.22,19.364166666666666,51697.29,-1.3599999999999994,11.799999999999999,15,1,0,1
27.94,54596.59,24.2,19,9.4,0,336.0,271.0,776.2,107.06,18.7,20.06,20.65,17.48,23.59,53947.09,51932.75,20.775000000000002,19.8,52533.458333333336,9.240000000000002,10.46,16,1,0,1
52.29,54423.69,23.1,21,7.1,0,158.0,112.0,587.9,62.53,27.94,18.7,20.06,31.21,42.08,54596.59,52430.58,26.376666666666665,20.67833333333333,53228.62166666667,24.349999999999998,21.08,17,1,0,1
47.0,54358.14,20.9,22,3.6,0,16.0,8.0,92.0,22.62,52.29,27.94,18.7,25.84,42.45,54423.69,53362.0,31.106666666666666,21.560000000000002,53773.45333333333,-5.289999999999999,21.16,18,1,0,1
46.24,53319.93,20.0,23,4.2,3,0.0,0.0,0.0,28.15,47.0,52.29,27.94,22.41,37.54,54358.14,52691.3,35.37166666666667,22.552916666666665,53977.95333333333,-0.759999999999998,23.830000000000002,19,1,0,1
40.0,51921.31,19.1,23,5.1,0,0.0,0.0,0.0,31.77,46.24,47.0,52.29,21.42,35.11,53319.93,51647.3,38.695,23.327083333333334,53761.125,-6.240000000000002,18.58,20,1,0,1
33.04,50355.22,18.4,25,5.7,2,0.0,0.0,0.0,40.65,40.0,46.24,47.0,17.74,30.56,51921.31,50181.96,41.085,23.964583333333334,53162.48,-6.960000000000001,15.3,21,1,0,0
27.49,48277.34,17.1,28,5.5,1,0.0,0.0,0.0,28.97,33.04,40.0,46.24,17.62,28.53,50355.22,47978.85,41.01,24.375833333333333,52109.27166666667,-5.550000000000001,9.869999999999997,22,1,0,0
21.81,46033.53,15.9,31,5.1,0,0.0,0.0,0.0,31.48,27.49,33.04,40.0,16.44,26.67,48277.34,45740.92,35.93,24.59958333333333,50710.91166666666,-5.68,5.369999999999997,23,1,0,0
21.99,44085.63,13.8,35,4.1,0,0.0,0.0,0.0,24.15,21.81,27.49,33.04,15.65,27.89,46033.53,44005.54,31.761666666666667,24.86375,48998.82666666666,0.17999999999999972,6.339999999999998,0,2,0,0
21.32,42948.7,12.4,39,4.6,95,0.0,0.0,0.0,25.85,21.99,21.81,27.49,15.27,28.42,44085.63,42935.13,27.60833333333333,25.11583333333333,47270.28833333333,-0.6699999999999982,6.050000000000001,1,2,0,0
20.12,42538.36,11.6,44,3.0,100,0.0,0.0,0.0,20.49,21.32,21.99,21.81,14.71,28.07,42948.7,42241.83,24.294999999999998,25.34125,45706.463333333326,-1.1999999999999993,5.41,2,2,0,0
19.22,42426.59,11.3,45,0.7,99,0.0,0.0,0.0,0.0,20.12,21.32,21.99,13.94,29.82,42538.36,41833.39,21.991666666666664,25.56125,44385.024999999994,-0.9000000000000021,5.279999999999999,3,2,0,0
19.32,43181.9,10.6,48,1.0,100,0.0,0.0,0.0,1.68,19.22,20.12,21.32,14.0,36.55,42426.59,42508.1,20.63,25.782916666666665,43535.784999999996,0.10000000000000142,5.32,4,2,0,0
20.74,45233.83,10.1,50,0.6,100,0.0,0.0,0.0,1.79,19.32,19.22,20.12,17.32,44.7,43181.9,44060.7,20.451666666666664,25.925416666666663,43402.50166666667,1.4199999999999982,3.419999999999998,5,2,0,0
25.0,48369.82,8.4,56,3.5,100,0.0,0.0,0.0,23.97,20.74,19.32,19.22,23.47,48.84,45233.83,46866.91,20.953333333333333,25.989166666666662,44116.53333333333,4.260000000000002,1.5300000000000011,6,2,0,0
26.28,50019.66,7.7,62,4.7,100,0.0,0.0,0.0,26.26,25.0,20.74,19.32,26.36,45.73,48369.82,48191.11,21.78,25.985833333333336,45295.02666666667,1.2800000000000011,-0.0799999999999983,7,2,0,0
16.64,49924.81,7.8,65,6.4,63,8.0,1.0,13.0,52.46,26.28,25.0,20.74,20.79,27.35,50019.66,48548.01,21.2,25.812916666666666,46526.10166666666,-9.64,-4.149999999999999,8,2,0,0
15.43,49616.73,9.6,58,7.1,37,128.0,74.0,431.0,63.19,16.64,26.28,25.0,17.75,22.61,49924.81,49052.08,20.56833333333333,25.71625,47724.458333333336,-1.2100000000000009,-2.3200000000000003,9,2,0,0
13.81,49565.1,12.9,45,4.5,44,306.0,232.0,694.2,40.99,15.43,16.64,26.28,18.61,21.44,49616.73,49579.58,19.650000000000002,25.51625,48788.325000000004,-1.6199999999999992,-4.799999999999999,10,2,0,0
12.92,49915.35,16.8,34,3.8,91,456.0,376.0,817.5,46.41,13.81,15.43,16.64,18.68,18.57,49565.1,50252.71,18.346666666666668,25.27625,49568.57833333333,-0.8900000000000006,-5.76,11,2,0,0
11.71,50908.85,21.7,26,7.7,100,546.0,449.0,830.9,92.0,12.92,13.81,15.43,18.62,17.05,49915.35,51089.15,16.131666666666668,24.988333333333333,49991.75,-1.209999999999999,-6.91,12,2,0,0
9.35,51911.14,24.5,22,9.2,100,561.0,428.0,750.9,109.96,11.71,12.92,13.81,20.65,14.37,50908.85,52092.93,13.31,24.517500000000002,50306.996666666666,-2.360000000000001,-11.299999999999999,13,2,0,0
9.31,52471.52,26.0,19,10.5,100,492.0,311.0,568.7,126.88,9.35,11.71,12.92,20.06,11.47,51911.14,53222.28,12.088333333333333,24.06958333333333,50731.448333333334,-0.03999999999999915,-10.749999999999998,14,2,0,1
11.47,52729.71,26.4,19,12.1,100,318.0,85.0,179.9,139.45,9.31,9.35,11.71,18.7,10.36,52471.52,53947.09,11.428333333333333,23.768333333333334,51250.27833333333,2.16,-7.229999999999999,15,2,0,1
19.82,52827.95,26.5,20,13.1,100,292.0,178.0,506.0,139.65,11.47,9.31,9.35,27.94,23.55,52729.71,54596.59,12.430000000000001,23.429999999999996,51794.08666666666,8.35,-8.120000000000001,16,2,0,1
31.79,53365.38,25.4,23,11.6,97,131.0,57.0,294.9,127.06,19.82,11.47,9.31,52.29,47.85,52827.95,54423.69,15.575000000000001,22.575833333333335,52369.09166666667,11.969999999999999,-20.5,17,2,0,1
27.25,54503.37,23.5,33,13.1,100,15.0,4.0,45.3,130.22,31.79,19.82,11.47,47.0,43.98,53365.38,54358.14,18.165000000000003,21.752916666666668,52968.17833333332,-4.539999999999999,-19.75,18,2,0,1
23.58,53811.81,22.2,53,16.5,100,0.0,0.0,0.0,120.99,27.25,31.79,19.82,46.24,33.55,54503.37,53319.93,20.536666666666665,20.80875,53284.956666666665,-3.6700000000000017,-22.660000000000004,19,2,0,1
21.95,53044.95,21.1,77,17.4,100,0.0,0.0,0.0,131.11,23.58,27.25,31.79,40.0,26.44,53811.81,51921.31,22.64333333333333,20.05666666666667,53380.52833333333,-1.629999999999999,-18.05,20,2,0,1
20.01,51801.35,21.0,78,16.9,100,0.0,0.0,0.0,118.85,21.95,23.58,27.25,33.04,22.4,53044.95,50355.22,24.066666666666666,19.513749999999998,53225.80166666666,-1.9399999999999977,-13.029999999999998,21,2,0,0
18.93,49563.32,20.9,78,17.5,100,0.0,0.0,0.0,124.25,20.01,21.95,23.58,27.49,24.03,51801.35,48277.34,23.918333333333333,19.157083333333333,52681.69666666666,-1.0800000000000018,-8.559999999999999,22,2,0,0
16.23,47162.49,20.9,77,18.7,100,0.0,0.0,0.0,126.47,18.93,20.01,21.95,21.81,22.67,49563.32,46033.53,21.325,18.924583333333334,51647.881666666675,-2.6999999999999993,-5.579999999999998,23,2,0,0
15.45,45181.48,20.4,80,17.8,100,0.0,0.0,0.0,125.55,16.23,18.93,20.01,21.99,20.77,47162.49,44085.63,19.358333333333334,18.652083333333334,50094.23333333333,-0.7800000000000011,-6.539999999999999,0,3,0,0
14.51,44006.76,20.4,80,18.1,100,0.0,0.0,0.0,122.84,15.45,16.23,18.93,21.32,20.97,45181.48,42948.7,17.846666666666668,18.368333333333336,48460.05833333333,-0.9399999999999995,-6.8100000000000005,1,3,0,0
14.14,43451.39,19.9,85,17.8,100,0.0,0.0,0.0,124.08,14.51,15.45,16.23,20.12,21.23,44006.76,42538.36,16.544999999999998,18.11916666666667,46861.131666666675,-0.3699999999999992,-5.98,2,3,0,0
14.82,43005.67,19.8,87,19.3,100,0.0,0.0,0.0,123.23,14.14,14.51,15.45,19.22,21.96,43451.39,42426.59,15.68,17.93583333333333,45395.185,0.6799999999999997,-4.399999999999999,3,3,0,0
15.0,43403.76,19.7,86,18.2,100,0.0,0.0,0.0,122.94,14.82,14.14,14.51,19.32,23.91,43005.67,43181.9,15.025,17.75583333333333,44368.59166666667,0.17999999999999972,-4.32,4,3,0,0
16.76,44922.45,19.8,86,18.9,100,0.0,0.0,0.0,127.26,15.0,14.82,14.14,20.74,28.87,43403.76,45233.83,15.113333333333335,17.59,43995.25166666667,1.7600000000000016,-3.979999999999997,5,3,0,0
18.65,47637.03,20.6,79,24.9,100,0.0,0.0,0.0,125.78,16.76,15.0,14.82,25.0,32.83,44922.45,48369.82,15.646666666666668,17.325416666666666,44404.51,1.889999999999997,-6.350000000000001,6,3,0,0
19.01,49376.35,20.9,78,25.6,93,0.0,0.0,0.0,122.63,18.65,16.76,15.0,26.28,32.65,47637.03,50019.66,16.39666666666667,17.0225,45299.44166666666,0.360000000000003,-7.27,7,3,0,0
19.1,49889.63,21.1,78,25.1,100,4.0,0.0,0.0,127.61,19.01,18.65,16.76,16.64,22.46,49376.35,49924.81,17.223333333333333,17.125,46372.48166666667,0.08999999999999986,2.460000000000001,8,3,0,0
16.71,50743.29,21.6,76,24.5,100,46.0,7.0,40.7,127.93,19.1,19.01,18.65,15.43,17.94,49889.63,49616.73,17.538333333333334,17.178333333333335,47662.085,-2.3900000000000006,1.2800000000000011,9,3,0,0
12.57,51397.45,21.9,73,20.8,100,110.0,0.0,0.0,132.65,16.71,19.1,19.01,13.81,18.77,50743.29,49565.1,17.133333333333333,17.12666666666667,48994.36666666667,-4.140000000000001,-1.2400000000000002,10,3,0,0
10.97,52159.12,22.7,68,25.0,49,245.0,77.0,167.0,138.85,12.57,16.71,19.1,12.92,16.66,51397.45,49915.35,16.168333333333333,17.045416666666668,50200.47833333333,-1.5999999999999996,-1.9499999999999993,11,3,0,0
10.48,52623.07,24.4,54,23.4,5,388.0,256.0,472.4,141.62,10.97,12.57,16.71,11.71,16.39,52159.12,50908.85,14.806666666666667,16.994166666666665,51031.48499999999,-0.4900000000000002,-1.2300000000000004,12,3,0,0
12.14,53274.79,26.0,42,23.9,98,546.0,448.0,783.3,150.33,10.48,10.97,12.57,9.35,14.22,52623.07,51911.14,13.661666666666667,17.11041666666667,51681.225000000006,1.6600000000000001,2.790000000000001,13,3,0,0
13.93,53564.02,26.7,26,23.0,100,524.0,396.0,721.2,153.15,12.14,10.48,10.97,9.31,10.35,53274.79,52471.52,12.800000000000002,17.30291666666667,52293.62333333333,1.7899999999999991,4.619999999999999,14,3,0,1
14.05,53677.04,25.7,27,21.7,100,423.0,278.0,585.3,147.69,13.93,12.14,10.48,11.47,13.59,53564.02,52729.71,12.356666666666667,17.410416666666666,52782.581666666665,0.120000000000001,2.58,15,3,0,1
19.91,53646.53,25.0,28,18.4,100,261.0,115.0,324.3,137.69,14.05,13.93,12.14,19.82,20.99,53677.04,52827.95,13.58,17.414166666666667,53157.42833333334,5.859999999999999,0.08999999999999986,16,3,0,1
35.0,53828.74,24.1,29,15.0,100,113.0,23.0,117.3,130.71,19.91,14.05,13.93,31.79,25.7,53646.53,53365.38,17.585,17.54791666666667,53435.698333333334,15.09,3.210000000000001,17,3,0,1
30.66,54585.0,22.9,31,14.8,100,14.0,1.0,11.1,129.24,35.0,19.91,14.05,27.25,25.3,53828.74,54503.37,20.948333333333334,17.69,53762.68666666667,-4.34,3.41,18,3,0,1
28.55,53660.2,22.0,32,13.2,100,0.0,0.0,0.0,122.93,30.66,35.0,19.91,23.58,21.02,54585.0,53811.81,23.683333333333334,17.89708333333333,53826.92166666666,-2.1099999999999994,4.970000000000002,19,3,0,1
26.14,52548.78,21.1,33,12.5,97,0.0,0.0,0.0,126.35,28.55,30.66,35.0,21.95,17.73,53660.2,53044.95,25.718333333333334,18.07166666666667,53657.715000000004,-2.41,4.190000000000001,20,3,0,1
24.0,51114.57,20.3,35,12.4,20,0.0,0.0,0.0,124.1,26.14,28.55,30.66,20.01,15.89,52548.78,51801.35,27.37666666666667,18.237916666666667,53230.63666666666,-2.1400000000000006,3.9899999999999984,21,3,0,0
25.23,48742.28,19.3,37,11.1,8,0.0,0.0,0.0,110.29,24.0,26.14,28.55,18.93,18.33,51114.57,49563.32,28.263333333333335,18.500416666666666,52413.261666666665,1.2300000000000004,6.300000000000001,22,3,0,0
22.24,46142.72,18.6,39,11.2,45,0.0,0.0,0.0,115.74,25.23,24.0,26.14,16.23,16.53,48742.28,47162.49,26.136666666666667,18.750833333333333,51132.25833333333,-2.990000000000002,6.009999999999998,23,3,0,0
25.13,43795.77,17.6,42,9.2,99,0.0,0.0,0.0,86.19,22.24,25.23,24.0,15.45,18.39,46142.72,45181.48,25.215,19.154166666666665,49334.05333333334,2.8900000000000006,9.68,0,4,0,0
26.94,42609.07,16.9,44,9.4,90,0.0,0.0,0.0,88.9,25.13,22.24,25.23,14.51,15.06,43795.77,44006.76,24.94666666666667,19.672083333333333,47492.198333333334,1.8100000000000023,12.430000000000001,1,4,0,0
28.7,42089.99,15.8,46,9.0,2,0.0,0.0,0.0,84.92,26.94,25.13,22.24,14.14,12.56,42609.07,43451.39,25.373333333333335,20.27875,45749.06666666667,1.759999999999998,14.559999999999999,2,4,0,0
28.41,41928.61,14.5,51,6.5,91,0.0,0.0,0.0,49.78,28.7,26.94,25.13,14.82,13.37,42089.99,43005.67,26.108333333333334,20.845000000000002,44218.073333333334,-0.28999999999999915,13.59,3,4,0,0
29.12,42389.65,13.4,56,5.7,40,0.0,0.0,0.0,42.87,28.41,28.7,26.94,15.0,16.01,41928.61,43403.76,26.756666666666664,21.433333333333334,43159.301666666666,0.7100000000000009,14.120000000000001,4,4,0,0
33.64,44097.66,12.4,61,6.6,93,0.0,0.0,0.0,49.94,29.12,28.41,28.7,16.76,19.22,42389.65,44922.45,28.656666666666666,22.136666666666667,42818.458333333336,4.52,16.88,5,4,0,0
35.63,47265.41,10.9,70,8.8,100,0.0,0.0,0.0,79.29,33.64,29.12,28.41,18.65,21.49,44097.66,47637.03,30.40666666666667,22.84416666666667,43396.73166666667,1.990000000000002,16.980000000000004,6,4,0,0
39.22,49116.63,10.2,72,7.1,100,0.0,0.0,0.0,56.37,35.63,33.64,29.12,19.01,22.0,47265.41,49376.35,32.45333333333333,23.686249999999998,44481.325000000004,3.5899999999999963,20.209999999999997,7,4,0,0
30.9,49367.06,10.2,71,5.5,99,6.0,0.0,0.0,39.29,39.22,35.63,33.64,19.1,16.99,49116.63,49889.63,32.82,24.177916666666665,45694.170000000006,-8.32,11.799999999999997,8,4,0,0
23.51,50516.5,11.1,67,3.5,100,85.0,10.0,58.0,25.68,30.9,39.22,35.63,16.71,4.81,49367.06,50743.29,32.00333333333334,24.461250000000003,47125.48500000001,-7.389999999999997,6.800000000000001,9,4,0,0
20.27,50914.91,12.9,58,3.0,100,225.0,71.0,211.5,24.38,23.51,30.9,39.22,12.57,4.82,50516.5,51397.45,30.528333333333336,24.782083333333333,48546.361666666664,-3.240000000000002,7.699999999999999,10,4,0,0
17.15,51196.71,15.4,50,4.5,100,376.0,192.0,415.3,53.71,20.27,23.51,30.9,10.97,5.12,50914.91,52159.12,27.78,25.039583333333336,49729.53666666666,-3.120000000000001,6.179999999999998,11,4,0,0
16.9,51598.22,17.2,46,6.5,99,467.0,255.0,469.1,70.05,17.15,20.27,23.51,10.48,5.97,51196.71,52623.07,24.65833333333333,25.307083333333335,50451.67166666666,-0.25,6.419999999999998,12,4,0,0
18.18,52090.13,19.5,40,3.8,95,559.0,415.0,723.0,46.53,16.9,17.15,20.27,12.14,10.03,51598.22,53274.79,21.151666666666667,25.558750000000003,50947.255,1.2800000000000011,6.039999999999999,13,4,0,0
17.98,52300.8,20.4,37,0.4,100,437.0,237.0,429.7,26.08,18.18,16.9,17.15,13.93,10.19,52090.13,53564.02,18.99833333333333,25.727499999999996,51436.21166666667,-0.1999999999999993,4.050000000000001,14,4,0,1
19.89,52360.43,20.4,37,2.3,100,237.0,67.0,140.3,24.69,17.98,18.18,16.9,14.05,9.03,52300.8,53677.04,18.395,25.970833333333335,51743.53333333333,1.9100000000000001,5.84,15,4,0,1
24.57,52186.44,19.7,40,4.9,100,100.0,0.0,0.0,39.41,19.89,17.98,18.18,19.91,20.0,52360.43,53646.53,19.111666666666668,26.165000000000003,51955.45500000001,4.68,4.66,16,4,0,1
34.55,52269.78,18.8,46,4.2,100,53.0,0.0,0.0,30.36,24.57,19.89,17.98,35.0,41.79,52186.44,53828.74,22.011666666666667,26.14625,52134.299999999996,9.979999999999997,-0.45000000000000284,17,4,0,1
31.45,52922.52,16.8,64,2.1,100,12.0,1.0,11.0,9.69,34.55,24.57,19.89,30.66,31.16,52269.78,54585.0,24.436666666666667,26.179166666666664,52355.01666666666,-3.099999999999998,0.7899999999999991,18,4,0,1
26.59,52190.46,16.9,63,2.0,98,0.0,0.0,0.0,5.79,31.45,34.55,24.57,28.55,24.05,52922.52,53660.2,25.838333333333335,26.0975,52371.738333333335,-4.859999999999999,-1.9600000000000009,19,4,0,1
24.35,51690.78,17.0,63,3.4,99,0.0,0.0,0.0,19.04,26.59,31.45,34.55,26.14,22.06,52190.46,52548.78,26.900000000000002,26.02291666666667,52270.06833333333,-2.2399999999999984,-1.7899999999999991,20,4,0,1
23.01,51017.76,16.6,64,2.9,39,0.0,0.0,0.0,12.78,24.35,26.59,31.45,24.0,20.08,51690.78,51114.57,27.419999999999998,25.98166666666667,52046.29,-1.3399999999999999,-0.9899999999999984,21,4,0,0
21.43,49615.6,15.5,68,3.2,0,0.0,0.0,0.0,20.1,23.01,24.35,26.59,25.23,20.66,51017.76,48742.28,26.896666666666665,25.823333333333334,51617.81666666667,-1.5800000000000018,-3.8000000000000007,22,4,0,0
20.88,47731.24,15.0,68,12.5,0,0.0,0.0,0.0,124.27,21.43,23.01,24.35,22.24,19.32,49615.6,46142.72,24.618333333333336,25.766666666666666,50861.39333333333,-0.5500000000000007,-1.3599999999999994,23,4,0,0
19.13,46083.72,12.9,72,18.9,6,0.0,0.0,0.0,122.23,20.88,21.43,23.01,25.13,15.77,47731.24,43795.77,22.564999999999998,25.516666666666666,49721.59333333333,-1.75,-6.0,0,5,1,0
17.62,44978.15,11.6,70,19.1,0,0.0,0.0,0.0,123.74,19.13,20.88,21.43,26.94,15.85,46083.72,42609.07,21.069999999999997,25.12833333333333,48519.541666666664,-1.509999999999998,-9.32,1,5,1,0
16.61,44192.07,10.1,71,21.2,0,0.0,0.0,0.0,125.95,17.62,19.13,20.88,28.7,16.18,44978.15,42089.99,19.78,24.624583333333334,47269.75666666666,-1.0100000000000016,-12.09,2,5,1,0
14.5,44064.94,8.6,66,22.3,0,0.0,0.0,0.0,123.02,16.61,17.62,19.13,28.41,17.58,44192.07,41928.61,18.361666666666665,24.045,46110.95333333333,-2.1099999999999994,-13.91,3,5,1,0
13.7,44469.75,6.8,69,21.5,18,0.0,0.0,0.0,122.24,14.5,16.61,17.62,29.12,16.65,44064.94,42389.65,17.073333333333334,23.402500000000003,45253.31166666667,-0.8000000000000007,-15.420000000000002,4,5,1,0
15.21,45426.41,5.9,71,20.2,16,0.0,0.0,0.0,125.44,13.7,14.5,16.61,33.64,20.25,44469.75,44097.66,16.128333333333334,22.634583333333328,44869.17333333334,1.5100000000000016,-18.43,5,5,1,0
17.52,47005.41,5.3,73,20.5,98,0.0,0.0,0.0,125.44,15.21,13.7,14.5,35.63,22.87,45426.41,47265.41,15.86,21.88,45022.78833333333,2.3099999999999987,-18.110000000000003,6,5,1,0
20.06,48885.59,5.1,71,20.9,57,0.0,0.0,0.0,123.19,17.52,15.21,13.7,39.22,25.12,47005.41,49116.63,16.266666666666666,21.081666666666667,45674.02833333333,2.539999999999999,-19.16,7,5,1,0
19.41,50562.28,5.0,70,19.8,94,8.0,2.0,25.9,123.69,20.06,17.52,15.21,30.9,18.46,48885.59,49367.06,16.733333333333334,20.60291666666667,46735.73,-0.6499999999999986,-11.489999999999998,8,5,1,0
10.52,51686.79,5.7,64,22.7,34,128.0,75.0,433.8,131.8,19.41,20.06,17.52,23.51,15.0,50562.28,50516.5,16.07,20.061666666666667,48006.03833333333,-8.89,-12.990000000000002,9,5,1,0
8.62,51699.89,6.8,55,25.5,35,285.0,189.0,561.6,134.61,10.52,19.41,20.06,20.27,15.34,51686.79,50914.91,15.223333333333334,19.57625,49211.06166666667,-1.9000000000000004,-11.65,10,5,1,0
6.18,50945.22,7.8,51,21.0,0,419.0,281.0,606.2,141.44,8.62,10.52,19.41,17.15,15.65,51699.89,51196.71,13.718333333333332,19.11916666666667,50130.863333333335,-2.4399999999999995,-10.969999999999999,11,5,1,0
5.92,50266.29,9.2,45,20.4,0,566.0,477.0,874.8,150.85,6.18,8.62,10.52,16.9,15.82,50945.22,51598.22,11.784999999999998,18.661666666666665,50674.34333333333,-0.2599999999999998,-10.979999999999999,12,5,1,0
5.0,49502.46,10.7,40,19.9,0,606.0,516.0,895.6,154.37,5.92,6.18,8.62,18.18,16.54,50266.29,52090.13,9.274999999999999,18.1125,50777.155,-0.9199999999999999,-13.18,13,5,1,0
4.75,48668.19,11.6,33,19.8,0,579.0,492.0,888.1,154.59,5.0,5.92,6.18,17.98,15.66,49502.46,52300.8,6.831666666666666,17.561249999999998,50461.47333333333,-0.25,-13.23,14,5,1,1
5.75,48376.91,11.8,29,19.6,0,492.0,412.0,857.7,153.73,4.75,5.0,5.92,19.89,14.65,48668.19,52360.43,6.036666666666666,16.972083333333334,49909.82666666667,1.0,-14.14,15,5,1,1
16.92,48974.55,11.6,26,18.5,0,350.0,280.0,777.1,144.78,5.75,4.75,5.0,24.57,24.44,48376.91,52186.44,7.420000000000001,16.653333333333332,49455.60333333333,11.170000000000002,-7.649999999999999,16,5,1,1
30.04,50909.29,10.9,21,18.1,0,171.0,122.0,604.0,132.78,16.92,5.75,4.75,34.55,49.88,48974.55,52269.78,11.396666666666667,16.465416666666666,49449.615,13.119999999999997,-4.509999999999998,17,5,1,1
40.0,53096.75,10.1,23,13.8,0,21.0,11.0,118.6,125.7,30.04,16.92,5.75,31.45,44.76,50909.29,52922.52,17.076666666666668,16.82166666666667,49921.35833333334,9.96,8.55,18,5,1,1
45.5,53182.98,9.4,22,12.9,2,0.0,0.0,0.0,121.7,40.0,30.04,16.92,26.59,40.2,53096.75,52190.46,23.826666666666668,17.609583333333333,50534.77833333333,5.5,18.91,19,5,1,1
48.76,53363.49,8.8,22,10.5,0,0.0,0.0,0.0,102.02,45.5,40.0,30.04,24.35,32.94,53182.98,51690.78,31.161666666666665,18.62666666666667,51317.32833333333,3.259999999999998,24.409999999999997,20,5,1,1
50.0,53502.76,8.1,25,8.9,0,0.0,0.0,0.0,78.79,48.76,45.5,40.0,23.01,27.86,53363.49,51017.76,38.53666666666667,19.751250000000002,52171.636666666665,1.240000000000002,26.99,21,5,1,0
48.85,52890.5,7.4,27,8.4,21,0.0,0.0,0.0,74.0,50.0,48.76,45.5,21.43,26.45,53502.76,49615.6,43.85833333333334,20.89375,52824.295000000006,-1.1499999999999986,27.42,22,5,1,0
44.82,51899.63,7.1,29,9.1,5,0.0,0.0,0.0,79.87,48.85,50.0,48.76,20.88,25.51,52890.5,47731.24,46.321666666666665,21.89125,52989.35166666666,-4.030000000000001,23.94,23,5,1,0
29.54,50813.46,5.2,35,10.2,42,0.0,0.0,0.0,99.29,44.82,48.85,50.0,19.13,22.23,51899.63,46083.72,44.578333333333326,22.325000000000003,52608.80333333332,-15.280000000000001,10.41,0,6,1,0
25.58,50166.1,4.6,36,11.4,16,0.0,0.0,0.0,120.07,29.54,44.82,48.85,17.62,21.18,50813.46,44978.15,41.25833333333333,22.656666666666666,52105.99,-3.960000000000001,7.959999999999997,1,6,1,0
23.3,49777.87,4.3,36,11.4,29,0.0,0.0,0.0,115.15,25.58,29.54,44.82,16.61,19.99,50166.1,44192.07,37.015,22.93541666666667,51508.386666666665,-2.2799999999999976,6.690000000000001,2,6,1,0
22.47,49724.65,4.2,38,12.0,27,0.0,0.0,0.0,125.91,23.3,25.58,29.54,14.5,20.81,49777.87,44064.94,32.42666666666667,23.2675,50878.70166666666,-0.8300000000000018,7.969999999999999,3,6,1,0
22.55,50242.27,4.2,39,11.8,23,0.0,0.0,0.0,123.67,22.47,23.3,25.58,13.7,20.68,49724.65,44469.75,28.043333333333333,23.63625,50437.329999999994,0.08000000000000185,8.850000000000001,4,6,1,0
21.12,51111.03,4.1,39,11.2,100,0.0,0.0,0.0,111.24,22.55,22.47,23.3,15.21,21.12,50242.27,45426.41,24.093333333333334,23.882500000000004,50305.89666666667,-1.4299999999999997,5.91,5,6,1,0
21.83,52688.41,3.4,42,11.0,75,0.0,0.0,0.0,110.12,21.12,22.55,22.47,17.52,19.77,51111.03,47005.41,22.808333333333334,24.062083333333334,50618.388333333336,0.7099999999999973,4.309999999999999,6,6,1,0
26.42,54179.95,3.4,42,10.9,28,0.0,0.0,0.0,108.0,21.83,21.12,22.55,20.06,19.85,52688.41,48885.59,22.948333333333334,24.327083333333334,51287.363333333335,4.590000000000003,6.360000000000003,7,6,1,0
19.77,55164.7,4.0,44,11.6,16,10.0,4.0,51.8,119.32,26.42,21.83,21.12,19.41,16.07,54179.95,50562.28,22.36,24.342083333333335,52185.168333333335,-6.650000000000002,0.35999999999999943,8,6,1,0
15.76,54525.98,5.8,42,11.3,8,137.0,94.0,541.8,118.49,19.77,26.42,21.83,10.52,7.54,55164.7,51686.79,21.241666666666667,24.56041666666667,52985.38999999999,-4.01,5.24,9,6,1,0
14.98,52868.01,7.3,38,13.4,0,316.0,249.0,737.7,140.58,15.76,19.77,26.42,8.62,7.44,54525.98,51699.89,19.98,24.82541666666667,53423.013333333336,-0.7799999999999994,6.360000000000001,10,6,1,0
14.49,51117.61,9.1,35,12.8,0,466.0,387.0,832.3,149.5,14.98,15.76,19.77,6.18,3.39,52868.01,50945.22,18.875,25.171666666666667,53424.10999999999,-0.4900000000000002,8.31,11,6,1,0
13.76,49661.83,12.3,30,9.6,11,565.0,480.0,877.3,121.84,14.49,14.98,15.76,5.92,1.86,51117.61,50266.29,17.529999999999998,25.498333333333335,52919.68,-0.7300000000000004,7.84,12,6,1,0
12.92,48642.51,14.2,28,8.3,28,604.0,516.0,892.2,104.81,13.76,14.49,14.98,5.0,1.15,49661.83,49502.46,15.28,25.828333333333333,51996.77333333334,-0.8399999999999999,7.92,13,6,1,0
11.01,48012.36,15.3,26,7.8,24,576.0,490.0,880.4,100.61,12.92,13.76,14.49,4.75,1.0,48642.51,48668.19,13.82,26.089166666666667,50804.716666666674,-1.9100000000000001,6.26,14,6,1,1
13.97,48033.77,15.7,25,7.4,13,486.0,405.0,838.2,82.39,11.01,12.92,13.76,5.75,0.44,48012.36,48376.91,13.521666666666667,26.43166666666667,49722.68166666667,2.960000000000001,8.22,15,6,1,1
20.43,48570.77,15.3,26,7.9,2,343.0,273.0,751.5,86.38,13.97,11.01,12.92,16.92,10.16,48033.77,48974.55,14.430000000000001,26.577916666666663,49006.475,6.459999999999999,3.509999999999998,16,6,1,1
41.83,50132.49,14.4,29,7.0,15,167.0,118.0,575.6,64.46,20.43,13.97,11.01,30.04,22.98,48570.77,50909.29,18.986666666666665,27.069166666666664,48842.28833333333,21.4,11.79,17,6,1,1
46.17,52161.57,13.2,31,5.5,11,21.0,11.0,116.7,46.32,41.83,20.43,13.97,40.0,23.29,50132.49,53096.75,24.388333333333335,27.326249999999998,49258.91166666666,4.340000000000003,6.170000000000002,18,6,1,1
46.47,52762.18,12.5,33,6.5,88,0.0,0.0,0.0,47.29,46.17,41.83,20.43,45.5,21.51,52161.57,53182.98,29.98,27.366666666666664,49945.52333333332,0.29999999999999716,0.9699999999999989,19,6,1,1
43.39,52805.52,11.6,35,7.3,100,0.0,0.0,0.0,56.65,46.47,46.17,41.83,48.76,19.61,52762.18,53363.49,35.376666666666665,27.142916666666665,50744.38333333333,-3.0799999999999983,-5.369999999999997,20,6,1,1
39.87,52080.36,10.9,37,7.3,100,0.0,0.0,0.0,57.37,43.39,46.47,46.17,50.0,17.96,52805.52,53502.76,39.693333333333335,26.72083333333333,51418.815,-3.520000000000003,-10.130000000000003,21,6,1,0
35.77,50490.42,10.1,39,6.4,100,0.0,0.0,0.0,42.2,39.87,43.39,46.47,48.85,19.39,52080.36,52890.5,42.25,26.175833333333333,51738.75666666666,-4.099999999999994,-13.079999999999998,22,6,1,0
31.02,48787.13,9.3,43,4.3,98,0.0,0.0,0.0,25.17,35.77,39.87,43.39,44.82,17.55,50490.42,51899.63,40.44833333333333,25.600833333333338,51514.53,-4.7500000000000036,-13.8,23,6,1,0
30.05,47820.2,7.6,48,5.3,79,0.0,0.0,0.0,34.33,31.02,35.77,39.87,29.54,13.28,48787.13,50813.46,37.76166666666666,25.622083333333332,50790.96833333333,-0.9699999999999989,0.5100000000000016,0,0,0,0
27.68,47345.23,6.4,54,5.7,58,0.0,0.0,0.0,41.28,30.05,31.02,35.77,25.58,13.08,47820.2,50166.1,34.63,25.70958333333333,49888.14333333333,-2.370000000000001,2.1000000000000014,1,0,0,0
26.55,47573.79,5.7,56,5.3,42,0.0,0.0,0.0,37.63,27.68,30.05,31.02,23.3,12.46,47345.23,49777.87,31.823333333333334,25.845,49016.18833333333,-1.129999999999999,3.25,2,0,0,0
26.85,48174.65,5.0,57,4.2,23,0.0,0.0,0.0,31.45,26.55,27.68,30.05,22.47,15.26,47573.79,49724.65,29.653333333333336,26.027500000000003,48365.23666666667,0.3000000000000007,4.380000000000003,3,0,0,0
28.74,49527.46,4.4,59,3.7,12,0.0,0.0,0.0,24.2,26.85,26.55,27.68,22.55,16.22,48174.65,50242.27,28.481666666666666,26.285416666666666,48204.74333333334,1.889999999999997,6.189999999999998,4,0,0,0
33.61,52463.59,4.0,60,3.4,100,0.0,0.0,0.0,17.08,28.74,26.85,26.55,21.12,19.39,49527.46,51111.03,28.913333333333338,26.80583333333333,48817.486666666664,4.870000000000001,12.489999999999998,5,0,0,0
44.56,56550.0,3.3,56,2.6,100,0.0,0.0,0.0,9.88,33.61,28.74,26.85,21.83,23.64,52463.59,52688.41,31.331666666666667,27.752916666666668,50272.45333333334,10.950000000000003,22.730000000000004,6,0,0,0
44.64,58527.72,2.7,58,2.8,95,0.0,0.0,0.0,15.53,44.56,33.61,28.74,26.42,24.33,56550.0,54179.95,34.15833333333333,28.512083333333333,52136.20166666667,0.0799999999999983,18.22,7,0,0,0
31.82,58366.5,3.2,57,3.8,92,9.0,2.0,25.8,18.71,44.64,44.56,33.61,19.77,22.99,58527.72,55164.7,35.03666666666667,29.014166666666668,53934.98666666667,-12.82,12.05,8,0,0,0
23.19,57113.53,5.2,53,4.5,100,126.0,68.0,390.4,40.43,31.82,44.64,44.56,15.76,18.23,58366.5,54525.98,34.42666666666667,29.32375,55424.799999999996,-8.629999999999999,7.4300000000000015,9,0,0,0
20.51,55563.88,7.7,44,2.9,100,279.0,159.0,469.5,32.3,23.19,31.82,44.64,14.98,14.24,57113.53,52868.01,33.055,29.554166666666664,56430.869999999995,-2.6799999999999997,5.530000000000001,10,0,0,0
18.01,53543.8,10.1,37,3.3,100,394.0,225.0,482.3,36.28,20.51,23.19,31.82,14.49,12.48,55563.88,51117.61,30.455,29.700833333333332,56610.905,-2.5,3.5200000000000014,11,0,0,0
15.53,51903.1,13.2,32,5.1,69,496.0,308.0,561.0,54.21,18.01,20.51,23.19,13.76,9.99,53543.8,49661.83,25.616666666666664,29.774583333333336,55836.42166666667,-2.480000000000002,1.7699999999999996,12,0,0,0
14.88,50884.19,15.6,27,6.6,11,600.0,496.0,854.2,84.93,15.53,18.01,20.51,12.92,9.4,51903.1,48642.51,20.65666666666667,29.856250000000003,54562.5,-0.6499999999999986,1.9600000000000009,13,0,0,0
14.71,50046.56,16.9,23,6.9,1,583.0,496.0,887.0,83.18,14.88,15.53,18.01,11.01,8.24,50884.19,48012.36,17.805000000000003,30.010416666666668,53175.84333333333,-0.16999999999999993,3.700000000000001,14,0,0,1
15.58,49582.84,17.6,21,6.4,10,496.0,419.0,862.0,77.09,14.71,14.88,15.53,13.97,6.9,50046.56,48033.77,16.53666666666667,30.0775,51920.72833333333,0.8699999999999992,1.6099999999999994,15,0,0,1
24.54,49803.44,17.5,21,5.9,100,352.0,285.0,778.0,55.81,15.58,14.71,14.88,20.43,17.48,49582.84,48570.77,17.208333333333332,30.24875,50960.655,8.959999999999999,4.109999999999999,16,0,0,1
40.25,51166.93,16.8,23,4.5,98,163.0,99.0,475.8,34.99,24.54,15.58,14.71,41.83,31.21,49803.44,50132.49,20.915,30.182916666666667,50564.51,15.71,-1.5799999999999983,17,0,0,1
39.62,53350.8,14.9,28,2.7,0,20.0,6.0,62.6,14.33,40.25,24.54,15.58,46.17,25.84,51166.93,52161.57,24.929999999999996,29.91,50805.793333333335,-0.6300000000000026,-6.550000000000004,18,0,0,1
37.49,53617.26,14.3,29,5.5,94,0.0,0.0,0.0,38.84,39.62,40.25,24.54,46.47,22.41,53350.8,52762.18,28.698333333333334,29.535833333333333,51261.305,-2.1299999999999955,-8.979999999999997,19,0,0,1
33.67,53208.61,13.2,31,9.8,100,0.0,0.0,0.0,90.69,37.49,39.62,40.25,43.39,21.42,53617.26,52805.52,31.85833333333333,29.13083333333334,51788.31333333333,-3.8200000000000003,-9.719999999999999,20,0,0,1
29.06,52203.38,12.2,35,9.8,100,0.0,0.0,0.0,93.91,33.67,37.49,39.62,39.87,17.74,53208.61,52080.36,34.105,28.68041666666667,52225.07000000001,-4.610000000000003,-10.809999999999999,21,0,0,0
24.49,50344.62,11.4,38,9.9,30,0.0,0.0,0.0,90.25,29.06,33.67,37.49,35.77,17.62,52203.38,50490.42,34.096666666666664,28.210416666666664,52315.26666666667,-4.57,-11.280000000000005,22,0,0,0
22.7,48522.28,11.0,38,11.0,100,0.0,0.0,0.0,109.02,24.49,29.06,33.67,31.02,16.44,50344.62,48787.13,31.171666666666663,27.86375,51874.49166666667,-1.7899999999999991,-8.32,23,0,0,0
18.84,47343.76,9.6,44,11.4,100,0.0,0.0,0.0,115.83,22.7,24.49,29.06,30.05,15.65,48522.28,47820.2,27.708333333333332,27.396666666666665,50873.318333333336,-3.8599999999999994,-11.21,0,1,0,0
18.59,46620.62,8.7,48,9.4,4,0.0,0.0,0.0,88.0,18.84,22.7,24.49,27.68,15.27,47343.76,47345.23,24.558333333333334,27.017916666666665,49707.21166666667,-0.25,-9.09,1,1,0,0
18.16,46620.57,7.9,52,7.7,99,0.0,0.0,0.0,66.23,18.59,18.84,22.7,26.55,14.71,46620.62,47573.79,21.973333333333333,26.668333333333333,48609.204999999994,-0.4299999999999997,-8.39,2,1,0,0
18.17,46818.32,7.3,56,8.2,71,0.0,0.0,0.0,67.07,18.16,18.59,18.84,26.85,13.94,46620.57,48174.65,20.15833333333333,26.30666666666667,47711.695,0.010000000000001563,-8.68,3,1,0,0
18.6,47946.46,7.1,57,9.6,94,0.0,0.0,0.0,84.63,18.17,18.16,18.59,28.74,14.0,46818.32,49527.46,19.176666666666666,25.884166666666662,47312.00166666667,0.4299999999999997,-10.139999999999997,4,1,0,0
21.73,50430.09,6.9,55,8.7,90,0.0,0.0,0.0,80.82,18.6,18.17,18.16,33.61,17.32,47946.46,52463.59,19.015,25.389166666666664,47629.97,3.129999999999999,-11.879999999999999,5,1,0,0
26.41,53577.86,7.3,54,9.0,100,0.0,0.0,0.0,82.0,21.73,18.6,18.17,44.56,23.47,50430.09,56550.0,20.276666666666667,24.63291666666667,48668.986666666664,4.68,-18.150000000000002,6,1,0,0
29.97,55052.16,7.2,53,8.4,100,0.0,0.0,0.0,70.79,26.41,21.73,18.6,44.64,26.36,53577.86,58527.72,22.173333333333336,24.021666666666665,50074.24333333334,3.5599999999999987,-14.670000000000002,7,1,0,0
25.84,54422.86,7.4,52,8.5,100,8.0,0.0,0.0,79.4,29.97,26.41,21.73,31.82,20.79,55052.16,58366.5,23.453333333333333,23.772499999999997,51374.625,-4.129999999999999,-5.98,8,1,0,0
24.41,54137.12,8.6,48,7.8,100,100.0,30.0,171.5,70.7,25.84,29.97,26.41,23.19,17.75,54422.86,57113.53,24.49333333333333,23.823333333333334,52594.424999999996,-1.4299999999999997,1.2199999999999989,9,1,0,0
23.0,53467.34,10.0,44,7.6,91,195.0,34.0,100.0,76.14,24.41,25.84,29.97,20.51,18.61,54137.12,55563.88,25.22666666666667,23.927083333333332,53514.57166666666,-1.4100000000000001,2.4899999999999984,10,1,0,0
19.48,52487.19,12.8,35,9.7,97,422.0,278.0,593.9,111.93,23.0,24.41,25.84,18.01,18.68,53467.34,53543.8,24.85166666666667,23.988333333333333,53857.42166666667,-3.5199999999999996,1.4699999999999989,11,1,0,0
16.57,51677.64,15.6,29,10.9,65,501.0,334.0,606.1,139.19,19.48,23.0,24.41,15.53,18.62,52487.19,51903.1,23.21166666666667,24.031666666666666,53540.71833333333,-2.91,1.040000000000001,12,1,0,0
16.07,50933.62,17.5,22,13.1,37,559.0,421.0,722.0,157.92,16.57,19.48,23.0,14.88,20.65,51677.64,50884.19,20.895,24.081249999999997,52854.295000000006,-0.5,1.1899999999999995,13,1,0,0
16.25,50363.87,18.5,19,14.5,34,569.0,481.0,856.0,152.41,16.07,16.57,19.48,14.71,20.06,50933.62,50046.56,19.296666666666667,24.145416666666666,52177.79666666667,0.17999999999999972,1.5399999999999991,14,1,0,1
15.83,50198.12,18.3,22,15.6,13,472.0,381.0,779.1,151.22,16.25,16.07,16.57,15.58,18.7,50363.87,49582.84,17.866666666666667,24.155833333333334,51521.29666666667,-0.41999999999999993,0.25,15,1,0,1
23.74,50550.1,17.8,28,14.6,23,335.0,258.0,698.4,143.39,15.83,16.25,16.07,24.54,27.94,50198.12,49803.44,17.99,24.122500000000002,51035.090000000004,7.909999999999998,-0.8000000000000007,16,1,0,1
38.69,52030.0,16.8,35,12.7,66,127.0,70.0,331.4,135.16,23.74,15.83,16.25,40.25,52.29,50550.1,51166.93,21.191666666666666,24.0575,50958.89166666667,14.95,-1.5600000000000023,17,1,0,1
36.07,53610.22,14.9,36,13.5,45,14.0,5.0,51.3,122.51,38.69,23.74,15.83,39.62,47.0,52030.0,53350.8,24.441666666666666,23.909583333333334,51280.988333333335,-2.6199999999999974,-3.549999999999997,18,1,0,1
30.16,53668.51,13.4,48,13.6,100,0.0,0.0,0.0,126.77,36.07,38.69,23.74,37.49,46.24,53610.22,53617.26,26.790000000000003,23.604166666666668,51736.80333333334,-5.91,-7.330000000000002,19,1,0,1
27.57,53554.08,12.9,53,11.7,32,0.0,0.0,0.0,123.24,30.16,36.07,38.69,33.67,40.0,53668.51,53208.61,28.676666666666666,23.349999999999998,52268.505000000005,-2.59,-6.100000000000001,20,1,0,1
24.08,52420.65,12.6,54,11.7,40,0.0,0.0,0.0,114.78,27.57,30.16,36.07,29.06,33.04,53554.08,52203.38,30.051666666666666,23.1425,52638.926666666666,-3.490000000000002,-4.98,21,1,0,0
22.0,50354.21,12.4,55,13.2,0,0.0,0.0,0.0,121.16,24.08,27.57,30.16,24.49,27.49,52420.65,50344.62,29.761666666666667,23.038749999999997,52606.27833333333,-2.0799999999999983,-2.4899999999999984,22,1,0,0
20.46,48414.69,11.9,57,12.3,3,0.0,0.0,0.0,118.59,22.0,24.08,27.57,22.7,21.81,50354.21,48522.28,26.72333333333333,22.945416666666663,52003.72666666666,-1.5399999999999991,-2.2399999999999984,23,1,0,0
19.24,47043.19,10.4,62,12.9,22,0.0,0.0,0.0,123.9,20.46,22.0,24.08,18.84,21.99,48414.69,47343.76,23.918333333333333,22.962083333333336,50909.22166666667,-1.2200000000000024,0.3999999999999986,0,2,0,0
19.3,46353.79,9.7,66,11.4,52,0.0,0.0,0.0,117.63,19.24,20.46,22.0,18.59,21.32,47043.19,46620.62,22.108333333333334,22.991666666666664,49690.10166666666,0.060000000000002274,0.7100000000000009,1,2,0,0
18.8,46377.53,9.2,68,10.6,94,0.0,0.0,0.0,108.04,19.3,19.24,20.46,18.16,20.12,46353.79,46620.57,20.646666666666665,23.018333333333334,48494.01,-0.5,0.6400000000000006,2,2,0,0
18.96,46808.25,8.8,70,10.9,98,0.0,0.0,0.0,108.18,18.8,19.3,19.24,18.17,19.22,46377.53,46818.32,19.793333333333333,23.051249999999996,47558.60999999999,0.16000000000000014,0.7899999999999991,3,2,0,0
20.07,47910.34,8.9,69,12.3,100,0.0,0.0,0.0,129.59,18.96,18.8,19.3,18.6,19.32,46808.25,47946.46,19.471666666666668,23.1125,47151.29833333333,1.1099999999999994,1.4699999999999989,4,2,0,0
23.64,50344.38,9.6,66,14.1,100,0.0,0.0,0.0,120.57,20.07,18.96,18.8,21.73,20.74,47910.34,50430.09,20.001666666666665,23.192083333333333,47472.91333333333,3.5700000000000003,1.9100000000000001,5,2,0,0
26.86,53577.08,11.2,57,18.9,95,0.0,0.0,0.0,119.6,23.64,20.07,18.96,26.41,25.0,50344.38,53577.86,21.271666666666665,23.21083333333333,48561.895,3.219999999999999,0.4499999999999993,6,2,0,0
25.81,54968.29,12.0,53,19.0,100,0.0,0.0,0.0,124.54,26.86,23.64,20.07,29.97,26.28,53577.08,55052.16,22.35666666666667,23.037499999999998,49997.645,-1.0500000000000007,-4.16,7,2,0,0
17.84,53932.63,12.2,53,20.9,69,5.0,1.0,12.8,126.11,25.81,26.86,23.64,25.84,16.64,54968.29,54422.86,22.19666666666667,22.704166666666666,51256.82833333333,-7.969999999999999,-8.0,8,2,0,0
11.29,52485.09,12.8,51,18.0,43,115.0,58.0,329.8,130.36,17.84,25.81,26.86,24.41,15.43,53932.63,54137.12,20.918333333333333,22.1575,52202.96833333333,-6.550000000000001,-13.120000000000001,9,2,0,0
4.72,51328.3,13.6,47,24.8,0,312.0,242.0,709.4,134.11,11.29,17.84,25.81,23.0,13.81,52485.09,53467.34,18.360000000000003,21.395833333333332,52772.628333333334,-6.569999999999999,-18.28,10,2,0,0
3.0,50008.56,14.2,44,26.2,0,464.0,383.0,815.2,147.64,4.72,11.29,17.84,19.48,12.92,51328.3,52487.19,14.920000000000002,20.70916666666667,52716.65833333333,-1.7199999999999998,-16.48,11,2,0,0
4.4,49241.78,15.3,38,24.5,0,566.0,478.0,864.1,149.09,3.0,4.72,11.29,16.57,11.71,50008.56,51677.64,11.176666666666668,20.202083333333334,51994.10833333334,1.4000000000000004,-12.17,12,2,0,0
4.11,48731.02,15.8,34,25.4,2,606.0,517.0,882.9,157.02,4.4,3.0,4.72,16.07,9.35,49241.78,50933.62,7.56,19.70375,50954.56333333333,-0.29000000000000004,-11.96,13,2,0,0
3.89,48389.38,16.4,30,28.0,9,574.0,479.0,848.2,154.51,4.11,4.4,3.0,16.25,9.31,48731.02,50363.87,5.235,19.18875,50030.68833333333,-0.2200000000000002,-12.36,14,2,0,1
3.54,48618.9,15.2,34,25.6,56,434.0,319.0,648.3,143.59,3.89,4.11,4.4,15.83,11.47,48389.38,50198.12,3.9433333333333334,18.676666666666666,49386.323333333334,-0.3500000000000001,-12.29,15,2,0,1
8.54,49313.82,13.9,36,26.7,96,275.0,144.0,386.5,136.92,3.54,3.89,4.11,23.74,19.82,48618.9,50550.1,4.58,18.043333333333333,49050.57666666666,4.999999999999999,-15.2,16,2,0,1
19.43,50718.94,12.6,39,24.3,100,70.0,0.0,0.0,125.03,8.54,3.54,3.89,38.69,31.79,49313.82,52030.0,7.3183333333333325,17.24083333333333,49168.97333333333,10.89,-19.259999999999998,17,2,0,1
21.04,52395.55,11.1,42,22.5,5,16.0,3.0,30.3,125.32,19.43,8.54,3.54,36.07,27.25,50718.94,53610.22,10.091666666666667,16.614583333333332,49694.60166666666,1.6099999999999994,-15.030000000000001,18,2,0,1
25.4,52747.27,10.5,44,17.8,92,0.0,0.0,0.0,127.57,21.04,19.43,8.54,30.16,23.58,52395.55,53668.51,13.64,16.41625,50363.97666666666,4.359999999999999,-4.760000000000002,19,2,0,1
28.99,52813.63,10.4,44,15.2,22,0.0,0.0,0.0,121.75,25.4,21.04,19.43,27.57,21.95,52747.27,53554.08,17.823333333333334,16.475416666666668,51101.35166666666,3.59,1.4199999999999982,20,2,0,1
31.01,52055.69,10.2,46,17.2,16,0.0,0.0,0.0,126.22,28.99,25.4,21.04,24.08,20.01,52813.63,52420.65,22.401666666666667,16.764166666666664,51674.15,2.020000000000003,6.930000000000003,21,2,0,0
35.3,50317.88,9.5,52,16.5,13,0.0,0.0,0.0,123.12,31.01,28.99,25.4,22.0,18.93,52055.69,50354.21,26.861666666666668,17.31833333333333,51841.49333333334,4.289999999999996,13.299999999999997,22,2,0,0
34.82,48836.25,8.9,52,15.8,27,0.0,0.0,0.0,122.33,35.3,31.01,28.99,20.46,16.23,50317.88,48414.69,29.426666666666666,17.916666666666668,51527.71166666667,-0.4799999999999969,14.36,23,2,0,0
40.67,47928.07,6.6,57,12.8,0,0.0,0.0,0.0,124.39,34.82,35.3,31.01,19.24,15.45,48836.25,47043.19,32.69833333333333,18.809583333333332,50783.131666666675,5.850000000000001,21.430000000000003,0,3,0,0
42.51,47701.29,5.7,59,12.3,0,0.0,0.0,0.0,121.6,40.67,34.82,35.3,19.3,14.51,47928.07,46353.79,35.550000000000004,19.776666666666667,49942.135,1.8399999999999963,23.209999999999997,1,3,0,0
44.09,47935.75,4.9,57,10.9,0,0.0,0.0,0.0,106.3,42.51,40.67,34.82,18.8,14.14,47701.29,46377.53,38.06666666666666,20.830416666666668,49129.155,1.5800000000000054,25.290000000000003,2,3,0,0
44.81,48554.8,4.2,56,9.0,0,0.0,0.0,0.0,77.41,44.09,42.51,40.67,18.96,14.82,47935.75,46808.25,40.36666666666667,21.9075,48545.67333333333,0.7199999999999989,25.85,3,3,0,0
46.35,50369.29,3.6,56,7.8,0,0.0,0.0,0.0,71.25,44.81,44.09,42.51,20.07,15.0,48554.8,47910.34,42.208333333333336,23.002499999999998,48554.24166666667,1.5399999999999991,26.28,4,3,0,0
54.25,53536.66,3.2,59,7.1,0,0.0,0.0,0.0,56.86,46.35,44.81,44.09,23.64,16.76,50369.29,50344.38,45.446666666666665,24.277916666666666,49337.64333333333,7.899999999999999,30.61,5,3,0,0
47.83,58243.83,2.1,60,6.6,0,0.0,0.0,0.0,48.77,54.25,46.35,44.81,26.86,18.65,53536.66,53577.08,46.64000000000001,25.151666666666667,51056.93666666667,-6.420000000000002,20.97,6,3,0,0
40.74,60372.88,1.1,68,4.3,0,0.0,0.0,0.0,27.39,47.83,54.25,46.35,25.81,19.01,58243.83,54968.29,46.345000000000006,25.773750000000003,53168.86833333334,-7.089999999999996,14.930000000000003,7,3,0,0
21.83,59106.41,1.4,68,6.3,0,10.0,5.0,63.6,47.6,40.74,47.83,54.25,17.84,19.1,60372.88,53932.63,42.635,25.94,55030.645,-18.910000000000004,3.9899999999999984,8,3,0,0
15.91,56661.14,2.8,57,5.6,0,141.0,97.0,548.5,46.14,21.83,40.74,47.83,11.29,16.71,59106.41,52485.09,37.818333333333335,26.132499999999997,56381.70166666667,-5.919999999999998,4.620000000000001,9,3,0,0
10.67,54457.89,4.8,45,4.8,0,320.0,252.0,735.7,49.39,15.91,21.83,40.74,4.72,12.57,56661.14,51328.3,31.871666666666666,26.380416666666665,57063.13500000001,-5.24,5.95,10,3,0,0
8.0,52426.69,7.0,36,4.4,0,469.0,388.0,822.7,53.41,10.67,15.91,21.83,3.0,10.97,54457.89,50008.56,24.16333333333333,26.58875,56878.14000000001,-2.67,5.0,11,3,0,0
6.13,50814.06,9.6,32,5.5,1,567.0,479.0,862.4,65.45,8.0,10.67,15.91,4.4,10.48,52426.69,49241.78,17.213333333333335,26.660833333333333,55639.845,-1.87,1.7299999999999995,12,3,0,0
5.24,49844.03,11.6,29,5.3,0,607.0,515.0,875.6,65.23,6.13,8.0,10.67,4.11,12.14,50814.06,48731.02,11.296666666666667,26.707916666666666,53885.03666666666,-0.8899999999999997,1.13,13,3,0,0
1.89,49414.98,12.9,28,7.8,0,585.0,498.0,877.4,93.78,5.24,6.13,8.0,3.89,13.93,49844.03,48389.38,7.973333333333334,26.624583333333334,52269.79833333334,-3.3500000000000005,-2.0,14,3,0,1
2.49,49347.32,14.2,26,10.1,0,499.0,418.0,844.2,114.34,1.89,5.24,6.13,3.54,14.05,49414.98,48618.9,5.736666666666667,26.58083333333333,51050.82833333333,0.6000000000000003,-1.0499999999999998,15,3,0,1
12.06,49623.79,14.6,26,13.8,0,358.0,288.0,766.4,138.06,2.49,1.89,5.24,8.54,19.91,49347.32,49313.82,5.968333333333334,26.727500000000003,50245.145,9.57,3.5200000000000014,16,3,0,1
28.0,50634.61,14.1,31,15.2,0,181.0,131.0,602.0,137.86,12.06,2.49,1.89,19.43,35.0,49623.79,50718.94,9.301666666666668,27.08458333333333,49946.465000000004,15.94,8.57,17,3,0,1
27.2,52937.4,12.8,36,13.8,0,26.0,15.0,149.1,130.94,28.0,12.06,2.49,21.04,30.66,50634.61,52395.55,12.813333333333333,27.34125,50300.355,-0.8000000000000007,6.16,18,3,0,1
26.29,53678.41,12.1,37,14.6,0,0.0,0.0,0.0,123.96,27.2,28.0,12.06,25.4,28.55,52937.4,52747.27,16.321666666666665,27.378333333333334,50939.418333333335,-0.9100000000000001,0.8900000000000006,19,3,0,1
24.37,53436.97,11.7,37,15.7,0,0.0,0.0,0.0,126.44,26.29,27.2,28.0,28.99,26.14,53678.41,52813.63,20.06833333333333,27.185833333333335,51609.75,-1.9199999999999982,-4.619999999999997,20,3,0,1
23.43,52749.01,11.2,39,16.0,0,0.0,0.0,0.0,125.64,24.37,26.29,27.2,31.01,24.0,53436.97,52055.69,23.558333333333334,26.87,52176.698333333334,-0.9400000000000013,-7.580000000000002,21,3,0,0
23.52,51068.89,11.1,41,16.8,0,0.0,0.0,0.0,133.94,23.43,24.37,26.29,35.3,25.23,52749.01,50317.88,25.468333333333334,26.379166666666666,52417.54833333334,0.08999999999999986,-11.779999999999998,22,3,0,0
21.54,49304.77,11.2,41,16.2,0,0.0,0.0,0.0,128.07,23.52,23.43,24.37,34.82,22.24,51068.89,48836.25,24.391666666666666,25.825833333333335,52195.90833333333,-1.9800000000000004,-13.280000000000001,23,3,0,0
18.35,48145.52,10.3,44,14.4,0,0.0,0.0,0.0,124.32,21.54,23.52,23.43,40.67,25.13,49304.77,47928.07,22.916666666666668,24.895833333333332,51397.261666666665,-3.1899999999999977,-22.32,0,4,0,0
17.53,47534.14,10.2,47,14.1,0,0.0,0.0,0.0,121.84,18.35,21.54,23.52,42.51,26.94,48145.52,47701.29,21.456666666666667,23.855000000000004,50373.21666666667,-0.8200000000000003,-24.979999999999997,1,4,0,0
17.44,47137.6,10.2,48,13.3,0,0.0,0.0,0.0,119.89,17.53,18.35,21.54,44.09,28.7,47534.14,47935.75,20.301666666666666,22.744583333333335,49323.32166666666,-0.08999999999999986,-26.650000000000002,2,4,0,0
17.25,47226.54,10.3,48,13.1,0,0.0,0.0,0.0,125.32,17.44,17.53,18.35,44.81,28.41,47137.6,48554.8,19.27166666666667,21.59625,48402.909999999996,-0.19000000000000128,-27.560000000000002,3,4,0,0
19.69,48290.08,10.3,47,12.9,0,0.0,0.0,0.0,122.44,17.25,17.44,17.53,46.35,29.12,47226.54,50369.29,18.633333333333336,20.485416666666666,47939.774999999994,2.4400000000000013,-26.66,4,4,0,0
23.93,50712.77,10.2,47,12.7,0,0.0,0.0,0.0,120.44,19.69,17.25,17.44,54.25,33.64,48290.08,53536.66,19.031666666666666,19.222083333333334,48174.44166666666,4.239999999999998,-30.32,5,4,0,0
26.65,54419.33,10.1,47,12.4,0,0.0,0.0,0.0,122.77,23.93,19.69,17.25,47.83,35.63,50712.77,58243.83,20.415000000000003,18.339583333333334,49220.07666666667,2.719999999999999,-21.18,6,4,0,0
26.28,56187.01,9.2,50,9.4,0,0.0,0.0,0.0,83.21,26.65,23.93,19.69,40.74,39.22,54419.33,60372.88,21.873333333333335,17.737083333333334,50662.22166666666,-0.36999999999999744,-14.46,7,4,0,0
15.68,55067.69,9.0,52,7.8,0,10.0,5.0,63.3,70.91,26.28,26.65,23.93,21.83,30.9,56187.01,59106.41,21.58,17.480833333333333,51983.90333333334,-10.600000000000001,-6.149999999999999,8,4,0,0
7.93,53498.48,10.7,47,8.9,0,139.0,94.0,528.3,89.25,15.68,26.28,26.65,15.91,23.51,55067.69,56661.14,20.026666666666667,17.148333333333333,53029.22666666666,-7.75,-7.98,9,4,0,0
5.2,52129.4,10.6,47,23.4,0,318.0,250.0,726.8,140.58,7.93,15.68,26.28,10.67,20.27,53498.48,54457.89,17.611666666666668,16.920416666666664,53669.11333333334,-2.7299999999999995,-5.47,10,4,0,0
5.04,50894.63,11.9,40,19.9,0,468.0,387.0,817.3,152.55,5.2,7.93,15.68,8.0,17.15,52129.4,52426.69,14.463333333333333,16.797083333333333,53699.42333333333,-0.16000000000000014,-2.96,11,4,0,0
5.0,49846.73,13.8,33,20.7,7,571.0,484.0,867.8,153.49,5.04,5.2,7.93,6.13,16.9,50894.63,50814.06,10.854999999999999,16.75,52937.323333333334,-0.040000000000000036,-1.13,12,4,0,0
4.05,49406.75,14.2,34,18.0,29,611.0,522.0,883.6,152.67,5.0,5.04,5.2,5.24,18.18,49846.73,49844.03,7.1499999999999995,16.700416666666666,51807.28,-0.9500000000000002,-1.1900000000000004,13,4,0,0
3.92,49219.02,14.4,34,16.6,61,587.0,496.0,869.4,158.63,4.05,5.0,5.04,1.89,17.98,49406.75,49414.98,5.19,16.785,50832.50166666667,-0.1299999999999999,2.0300000000000002,14,4,0,1
3.57,49404.03,14.4,27,18.4,85,488.0,379.0,760.6,150.72,3.92,4.05,5.0,2.49,19.89,49219.02,49347.32,4.463333333333334,16.83,50150.09333333333,-0.3500000000000001,1.0799999999999996,15,4,0,1
9.29,49651.07,13.9,26,15.1,61,350.0,254.0,670.1,139.1,3.57,3.92,4.05,12.06,24.57,49404.03,49623.79,5.145,16.714583333333334,49737.03833333333,5.719999999999999,-2.7700000000000014,16,4,0,1
23.92,50790.27,13.2,23,13.9,1,186.0,133.0,602.3,133.44,9.29,3.57,3.92,28.0,34.55,49651.07,50634.61,8.291666666666666,16.544583333333332,49719.645,14.630000000000003,-4.079999999999998,17,4,0,1
29.87,52077.76,12.2,24,10.9,0,29.0,16.0,156.6,106.78,23.92,9.29,3.57,27.2,31.45,50790.27,52937.4,12.436666666666667,16.655833333333334,50091.48333333334,5.949999999999999,2.6700000000000017,18,4,0,1
30.02,52081.71,11.4,25,9.3,0,0.0,0.0,0.0,80.94,29.87,23.92,9.29,26.29,26.59,52077.76,53678.41,16.765,16.81125,50537.31,0.14999999999999858,3.7300000000000004,19,4,0,1
31.36,51975.63,10.8,26,10.3,0,0.0,0.0,0.0,101.95,30.02,29.87,23.92,24.37,24.35,52081.71,53436.97,21.338333333333335,17.102500000000003,50996.744999999995,1.3399999999999999,6.989999999999998,20,4,0,1
32.26,51640.09,10.2,24,12.2,0,0.0,0.0,0.0,130.44,31.36,30.02,29.87,23.43,23.01,51975.63,52749.01,26.12,17.47041666666667,51369.42166666666,0.8999999999999986,8.829999999999998,21,4,0,0
31.08,50674.86,9.6,20,12.4,0,0.0,0.0,0.0,120.51,32.26,31.36,30.02,23.52,21.43,51640.09,51068.89,29.751666666666665,17.785416666666666,51540.05333333332,-1.1799999999999997,7.559999999999999,22,4,0,0
27.47,49679.35,8.9,19,12.6,0,0.0,0.0,0.0,126.4,31.08,32.26,31.36,21.54,20.88,50674.86,49304.77,30.34333333333333,18.0325,51354.899999999994,-3.6099999999999994,5.93,23,4,0,0
21.77,48918.8,7.4,20,12.5,0,0.0,0.0,0.0,122.76,27.47,31.08,32.26,18.35,19.13,49679.35,48145.52,28.993333333333336,18.175,50828.40666666667,-5.699999999999999,3.419999999999998,0,5,1,0
20.27,48464.25,6.5,20,11.8,0,0.0,0.0,0.0,120.14,21.77,27.47,31.08,17.53,17.62,48918.8,47534.14,27.36833333333333,18.289166666666667,50225.496666666666,-1.5,2.7399999999999984,1,5,1,0
19.2,48387.85,5.8,21,11.3,0,0.0,0.0,0.0,112.18,20.27,21.77,27.47,17.44,16.61,48464.25,47137.6,25.341666666666665,18.3625,49627.533333333326,-1.0700000000000003,1.759999999999998,2,5,1,0
20.38,48706.78,5.1,23,11.7,0,0.0,0.0,0.0,117.47,19.2,20.27,21.77,17.25,14.5,48387.85,47226.54,23.361666666666665,18.492916666666666,49138.64833333334,1.1799999999999997,3.129999999999999,3,5,1,0
21.66,49485.08,4.5,26,13.2,10,0.0,0.0,0.0,124.85,20.38,19.2,20.27,19.69,13.7,48706.78,48290.08,21.791666666666668,18.575,48940.35166666666,1.2800000000000011,1.9699999999999989,4,5,1,0
26.74,50979.99,4.2,28,13.1,77,0.0,0.0,0.0,122.21,21.66,20.38,19.2,23.93,15.21,49485.08,50712.77,21.67,18.692083333333333,49157.125,5.079999999999998,2.8099999999999987,5,5,1,0
25.42,53006.69,3.7,32,11.1,96,0.0,0.0,0.0,111.76,26.74,21.66,20.38,26.65,17.52,50979.99,54419.33,22.278333333333332,18.640833333333333,49838.44,-1.3199999999999967,-1.2299999999999969,6,5,1,0
26.9,55029.05,3.7,32,12.1,92,0.0,0.0,0.0,124.56,25.42,26.74,21.66,26.28,20.06,53006.69,56187.01,23.383333333333336,18.666666666666668,50932.573333333334,1.4799999999999969,0.6199999999999974,7,5,1,0
21.11,56072.17,3.5,31,12.4,97,8.0,1.0,12.6,124.39,26.9,25.42,26.74,15.68,19.41,55029.05,55067.69,23.701666666666664,18.892916666666668,52213.293333333335,-5.789999999999999,5.43,8,5,1,0
17.56,56224.33,4.1,34,13.3,100,107.0,31.0,173.1,127.33,21.11,26.9,25.42,7.93,10.52,56072.17,53498.48,23.231666666666666,19.294166666666666,53466.21833333333,-3.5500000000000007,9.629999999999999,9,5,1,0
14.12,56055.9,4.7,39,13.0,100,209.0,56.0,162.0,133.43,17.56,21.11,26.9,5.2,8.62,56224.33,52129.4,21.974999999999998,19.66583333333333,54561.355,-3.4399999999999995,8.919999999999998,10,5,1,0
8.64,55076.72,5.0,43,14.8,100,317.0,90.0,189.3,142.82,14.12,17.56,21.11,5.04,6.18,56055.9,50894.63,18.958333333333332,19.815833333333334,55244.14333333334,-5.479999999999999,3.6000000000000005,11,5,1,0
6.21,53823.73,4.9,39,14.2,100,351.0,75.0,133.9,143.76,8.64,14.12,17.56,5.0,5.92,55076.72,49846.73,15.756666666666666,19.866249999999997,55380.31666666667,-2.4300000000000006,1.21,12,5,1,0
4.51,52768.68,5.4,32,13.4,98,325.0,59.0,99.4,138.02,6.21,8.64,14.12,4.05,5.0,53823.73,49406.75,12.024999999999999,19.885416666666668,55003.588333333326,-1.7000000000000002,0.45999999999999996,13,5,1,0
3.5,52082.07,6.5,25,12.7,100,446.0,192.0,334.8,147.31,4.51,6.21,8.64,3.92,4.75,52768.68,49219.02,9.09,19.867916666666666,54338.57166666666,-1.0099999999999998,-0.41999999999999993,14,5,1,1
3.83,52393.77,6.8,19,14.3,100,407.0,202.0,402.8,147.31,3.5,4.51,6.21,3.57,5.75,52082.07,49404.03,6.801666666666667,19.87875,53700.145,0.33000000000000007,0.26000000000000023,15,5,1,1
14.13,53242.73,6.8,18,15.4,100,306.0,156.0,408.0,135.0,3.83,3.5,4.51,9.29,16.92,52393.77,49651.07,6.803333333333334,20.080416666666668,53231.28333333333,10.3,4.840000000000002,16,5,1,1
29.93,55091.04,6.3,20,14.7,98,138.0,39.0,174.0,133.24,14.13,3.83,3.5,23.92,30.04,53242.73,50790.27,10.351666666666667,20.33083333333333,53233.670000000006,15.799999999999999,6.009999999999998,17,5,1,1
40.44,57589.32,5.6,20,8.3,100,23.0,5.0,48.2,70.9,29.93,14.13,3.83,29.87,40.0,55091.04,52077.76,16.05666666666667,20.77125,53861.26833333333,10.509999999999998,10.569999999999997,18,5,1,1
43.79,58039.21,5.2,21,8.5,2,0.0,0.0,0.0,76.06,40.44,29.93,14.13,30.02,45.5,57589.32,52081.71,22.603333333333335,21.345,54739.69,3.3500000000000014,13.77,19,5,1,1
47.32,58396.06,4.6,23,10.2,0,0.0,0.0,0.0,95.44,43.79,40.44,29.93,31.36,48.76,58039.21,51975.63,29.906666666666666,22.01,55792.02166666667,3.530000000000001,15.96,20,5,1,1
52.99,58428.38,4.2,25,12.0,0,0.0,0.0,0.0,119.29,47.32,43.79,40.44,32.26,50.0,58396.06,51640.09,38.1,22.87375,56797.79,5.670000000000002,20.730000000000004,21,5,1,0
53.77,57949.54,3.2,22,10.0,0,0.0,0.0,0.0,89.99,52.99,47.32,43.79,31.08,48.85,58428.38,50674.86,44.70666666666667,23.81916666666667,57582.25833333333,0.7800000000000011,22.690000000000005,22,5,1,0
41.75,57652.98,2.2,25,6.2,0,0.0,0.0,0.0,46.46,53.77,52.99,47.32,27.47,44.82,57949.54,49679.35,46.67666666666667,24.41416666666667,58009.248333333344,-12.020000000000003,14.280000000000001,23,5,1,0
51.58,57305.15,0.1,34,9.0,0,0.0,0.0,0.0,81.78,41.75,53.77,52.99,21.77,29.54,57652.98,48918.8,48.53333333333333,25.65625,57961.886666666665,9.829999999999998,29.81,0,6,1,0
45.91,57172.73,-0.9,39,6.7,0,0.0,0.0,0.0,49.31,51.58,41.75,53.77,20.27,25.58,57305.15,48464.25,48.88666666666666,26.72458333333333,57817.473333333335,-5.670000000000002,25.639999999999997,1,6,1,0
45.26,57584.63,-1.4,42,6.1,0,0.0,0.0,0.0,47.11,45.91,51.58,41.75,19.2,23.3,57172.73,48387.85,48.54333333333333,27.81041666666667,57682.23500000001,-0.6499999999999986,26.06,2,6,1,0
43.93,58170.44,-1.9,44,5.3,0,0.0,0.0,0.0,31.62,45.26,45.91,51.58,20.38,22.47,57584.63,48706.78,47.03333333333333,28.791666666666668,57639.244999999995,-1.3299999999999983,23.55,3,6,1,0
45.0,58967.78,-2.4,44,5.1,0,0.0,0.0,0.0,34.35,43.93,45.26,45.91,21.66,22.55,58170.44,49485.08,45.571666666666665,29.764166666666668,57808.95166666667,1.0700000000000003,23.34,4,6,1,0
47.14,60416.49,-2.8,43,5.2,0,0.0,0.0,0.0,31.94,45.0,43.93,45.26,26.74,21.12,58967.78,50979.99,46.47,30.614166666666666,58269.53666666666,2.1400000000000006,20.400000000000002,5,6,1,0
41.4,62235.35,-4.2,49,1.5,0,0.0,0.0,0.0,3.56,47.14,45.0,43.93,25.42,21.83,60416.49,53006.69,44.77333333333333,31.279999999999998,59091.23666666667,-5.740000000000002,15.979999999999997,6,6,1,0
39.46,64098.45,-4.9,54,0.6,0,0.0,0.0,0.0,1.54,41.4,47.14,45.0,26.9,26.42,62235.35,55029.05,43.69833333333333,31.80333333333333,60245.52333333332,-1.9399999999999977,12.560000000000002,7,6,1,0
25.67,63977.52,-4.2,52,4.0,0,11.0,5.0,62.4,21.97,39.46,41.4,47.14,21.11,19.77,64098.45,56072.17,40.43333333333334,31.99333333333333,61311.005000000005,-13.79,4.560000000000002,8,6,1,0
18.41,61784.87,-2.0,47,5.0,0,145.0,100.0,554.3,39.64,25.67,39.46,41.4,17.56,15.76,63977.52,56224.33,36.18,32.02875,61913.409999999996,-7.260000000000002,0.8500000000000014,9,6,1,0
13.59,58750.13,0.7,37,7.3,0,331.0,263.0,757.4,78.74,18.41,25.67,39.46,14.12,14.98,61784.87,56055.9,30.945000000000004,32.00666666666667,61877.135,-4.82,-0.5299999999999994,10,6,1,0
7.0,55856.52,3.5,29,8.2,0,489.0,410.0,858.5,93.16,13.59,18.41,25.67,8.64,14.49,58750.13,55076.72,24.255,31.938333333333333,61117.13999999999,-6.59,-1.6400000000000006,11,6,1,0
3.62,53151.08,7.6,25,8.6,0,594.0,509.0,904.8,107.87,7.0,13.59,18.41,6.21,13.76,55856.52,53823.73,17.958333333333332,31.830416666666665,59603.095,-3.38,-2.59,12,6,1,0
2.47,50920.64,10.4,23,9.5,0,633.0,546.0,915.6,116.1,3.62,7.0,13.59,4.51,12.92,53151.08,52768.68,11.793333333333331,31.745416666666667,57406.793333333335,-1.15,-2.0399999999999996,13,6,1,0
1.33,49373.43,12.6,21,10.8,0,606.0,520.0,901.9,138.37,2.47,3.62,7.0,3.5,11.01,50920.64,52082.07,7.736666666666667,31.655,54972.77833333333,-1.1400000000000001,-2.17,14,6,1,1
1.0,48647.01,14.1,20,10.9,0,519.0,438.0,867.8,138.23,1.33,2.47,3.62,3.83,13.97,49373.43,52393.77,4.835,31.53708333333333,52783.135,-0.33000000000000007,-2.83,15,6,1,1
12.81,48618.43,15.1,19,7.4,0,375.0,305.0,790.9,71.73,1.0,1.33,2.47,14.13,20.43,48647.01,53242.73,4.705,31.482083333333332,51094.51833333333,11.81,-1.3200000000000003,16,6,1,1
33.18,50108.39,14.1,22,1.8,0,194.0,142.0,624.5,14.55,12.81,1.0,1.33,29.93,41.83,48618.43,55091.04,9.068333333333333,31.617500000000003,50136.496666666666,20.369999999999997,3.25,17,6,1,1
34.0,52619.46,12.9,20,4.1,0,31.0,18.0,170.7,28.19,33.18,12.81,1.0,40.44,46.17,50108.39,57589.32,14.131666666666668,31.349166666666665,50047.89333333333,0.8200000000000003,-6.439999999999998,18,6,1,1
30.0,53525.06,12.0,23,3.5,0,0.0,0.0,0.0,19.03,34.0,33.18,12.81,43.79,46.47,52619.46,58039.21,18.720000000000002,30.774583333333336,50481.96333333334,-4.0,-13.79,19,6,1,1
25.26,53794.98,11.0,27,4.1,0,0.0,0.0,0.0,26.02,30.0,34.0,33.18,47.32,43.39,53525.06,58396.06,22.708333333333332,29.855416666666667,51218.888333333336,-4.739999999999998,-22.06,20,6,1,1
22.88,53861.67,9.7,31,4.5,0,0.0,0.0,0.0,26.83,25.26,30.0,34.0,52.99,39.87,53794.98,58428.38,26.355,28.60083333333333,52087.99833333333,-2.3800000000000026,-30.110000000000003,21,6,1,0
20.85,53030.98,9.0,33,4.9,0,0.0,0.0,0.0,32.8,22.88,25.26,30.0,53.77,35.77,53861.67,57949.54,27.695000000000004,27.229166666666668,52823.42333333334,-2.0299999999999976,-32.92,22,6,1,0
20.52,51931.64,8.1,35,8.3,0,0.0,0.0,0.0,71.27,20.85,22.88,25.26,41.75,31.02,53030.98,57652.98,25.584999999999997,26.344583333333333,53127.29833333333,-0.33000000000000185,-21.23,23,6,1,0
23.89,51348.69,5.9,40,9.0,0,0.0,0.0,0.0,84.5,20.52,20.85,22.88,51.58,30.05,51931.64,57305.15,23.900000000000002,25.190833333333334,52915.50333333333,3.370000000000001,-27.689999999999998,0,0,0,0
23.81,51291.16,5.2,39,9.3,0,0.0,0.0,0.0,85.85,23.89,20.52,20.85,45.91,27.68,51348.69,57172.73,22.868333333333336,24.269999999999996,52543.18666666667,-0.08000000000000185,-22.099999999999998,1,0,0,0
24.79,51597.4,4.5,39,7.8,87,0.0,0.0,0.0,66.37,23.81,23.89,20.52,45.26,26.55,51291.16,57584.63,22.790000000000003,23.417083333333334,52176.92333333333,0.9800000000000004,-20.47,2,0,0,0
28.21,52390.08,4.0,41,7.1,59,0.0,0.0,0.0,55.52,24.79,23.81,23.89,43.93,26.85,51597.4,58170.44,23.67833333333333,22.762083333333333,51931.65833333333,3.4200000000000017,-15.719999999999999,3,0,0,0
29.89,53972.17,3.6,43,8.3,98,0.0,0.0,0.0,70.27,28.21,24.79,23.81,45.0,28.74,52390.08,58967.78,25.185000000000002,22.132500000000004,52088.52333333334,1.6799999999999997,-15.11,4,0,0,0
35.73,56564.5,3.3,44,5.0,95,0.0,0.0,0.0,32.24,29.89,28.21,24.79,47.14,33.61,53972.17,60416.49,27.72,21.657083333333333,52860.666666666664,5.839999999999996,-11.410000000000004,5,0,0,0
41.62,59683.89,2.0,51,5.7,2,0.0,0.0,0.0,42.01,35.73,29.89,28.21,41.4,44.56,56564.5,62235.35,30.675,21.66625,54249.86666666667,5.890000000000001,0.21999999999999886,6,0,0,0
41.98,62000.86,1.0,59,6.3,55,0.0,0.0,0.0,46.18,41.62,35.73,29.89,39.46,44.64,59683.89,64098.45,33.70333333333333,21.77125,56034.81666666667,0.35999999999999943,2.519999999999996,7,0,0,0
26.15,61328.13,1.1,64,10.6,34,11.0,5.0,62.0,104.95,41.98,41.62,35.73,25.67,31.82,62000.86,63977.52,33.93,21.79125,57656.605,-15.829999999999998,0.4799999999999969,8,0,0,0
18.8,59028.46,3.9,59,10.3,66,142.0,93.0,511.6,112.5,26.15,41.98,41.62,18.41,23.19,61328.13,61784.87,32.361666666666665,21.8075,58763.001666666656,-7.349999999999998,0.39000000000000057,9,0,0,0
15.38,56732.57,6.4,40,9.8,27,329.0,258.0,739.2,111.1,18.8,26.15,41.98,13.59,20.51,59028.46,58750.13,29.94333333333333,21.88208333333333,59223.06833333333,-3.42,1.790000000000001,10,0,0,0
11.93,54531.98,8.1,34,10.5,35,485.0,403.0,840.0,125.34,15.38,18.8,26.15,7.0,18.01,56732.57,55856.52,25.976666666666663,22.087500000000002,58884.315,-3.450000000000001,4.93,11,0,0,0
9.87,52712.45,10.6,32,14.0,45,590.0,501.0,886.6,157.81,11.93,15.38,18.8,3.62,15.53,54531.98,53151.08,20.685,22.347916666666666,57722.408333333326,-2.0600000000000005,6.249999999999999,12,0,0,0
7.68,51419.96,11.7,32,15.5,33,626.0,527.0,879.5,154.78,9.87,11.93,15.38,2.47,14.88,52712.45,50920.64,14.968333333333334,22.564999999999998,55958.924999999996,-2.1899999999999995,5.209999999999999,13,0,0,0
5.67,50861.46,12.2,31,15.5,12,606.0,519.0,895.3,148.89,7.68,9.87,11.93,1.33,14.71,51419.96,49373.43,11.555,22.745833333333334,54214.48,-2.01,4.34,14,0,0,1
6.0,50849.08,11.9,31,16.6,22,516.0,430.0,846.5,147.48,5.67,7.68,9.87,1.0,15.58,50861.46,48647.01,9.421666666666667,22.954166666666666,52851.25,0.33000000000000007,5.0,15,0,0,1
14.17,51369.06,10.9,31,17.7,47,369.0,289.0,743.0,137.55,6.0,5.67,7.68,12.81,24.54,50849.08,48618.43,9.22,23.010833333333334,51957.331666666665,8.17,1.3599999999999994,16,0,0,1
24.43,53404.05,9.5,28,16.5,41,193.0,137.0,593.9,133.3,14.17,6.0,5.67,33.18,40.25,51369.06,50108.39,11.303333333333333,22.64625,51769.34333333333,10.26,-8.75,17,0,0,1
31.17,55994.14,7.9,21,13.6,48,32.0,17.0,158.7,126.36,24.43,14.17,6.0,34.0,39.62,53404.05,52619.46,14.853333333333333,22.528333333333336,52316.291666666664,6.740000000000002,-2.8299999999999983,18,0,0,1
31.15,56461.7,7.0,20,13.0,65,0.0,0.0,0.0,129.74,31.17,24.43,14.17,30.0,37.49,55994.14,53525.06,18.765,22.57625,53156.58166666667,-0.020000000000003126,1.1499999999999986,19,0,0,1
32.8,56251.2,5.9,22,12.2,94,0.0,0.0,0.0,125.69,31.15,31.17,24.43,25.26,33.67,56461.7,53794.98,23.286666666666665,22.890416666666667,54054.871666666666,1.6499999999999986,7.539999999999996,20,0,0,1
34.67,55007.31,5.2,23,12.6,56,0.0,0.0,0.0,124.05,32.8,31.15,31.17,22.88,29.06,56251.2,53861.67,28.064999999999998,23.38166666666667,54747.909999999996,1.8700000000000045,11.790000000000003,21,0,0,0
37.0,53682.93,4.2,25,11.7,99,0.0,0.0,0.0,122.55,34.67,32.8,31.15,20.85,24.49,55007.31,53030.98,31.869999999999994,24.054583333333337,55133.55499999999,2.3299999999999983,16.15,22,0,0,0
36.55,52247.63,3.5,28,11.4,0,0.0,0.0,0.0,108.84,37.0,34.67,32.8,20.52,22.7,53682.93,51931.64,33.89,24.7225,54940.81833333333,-0.45000000000000284,16.029999999999998,23,0,0,0
37.7,51206.19,1.7,33,11.5,36,0.0,0.0,0.0,117.7,36.55,37.0,34.67,23.89,18.84,52247.63,51348.69,34.97833333333333,25.29791666666667,54142.82666666666,1.1500000000000057,13.810000000000002,0,1,0,0
40.0,50896.02,0.9,35,10.0,8,0.0,0.0,0.0,97.18,37.7,36.55,37.0,23.81,18.59,51206.19,51291.16,36.45333333333334,25.9725,53215.213333333326,2.299999999999997,16.19,1,1,0,0
43.03,51112.35,0.3,36,9.2,1,0.0,0.0,0.0,79.28,40.0,37.7,36.55,24.79,18.16,50896.02,51597.4,38.15833333333333,26.7325,52358.738333333335,3.030000000000001,18.240000000000002,2,1,0,0
46.59,51564.42,-0.2,38,7.7,41,0.0,0.0,0.0,67.53,43.03,40.0,37.7,28.21,18.17,51112.35,52390.08,40.145,27.498333333333335,51784.92333333333,3.5600000000000023,18.380000000000003,3,1,0,0
53.15,53023.85,-0.6,40,8.3,96,0.0,0.0,0.0,72.75,46.59,43.03,40.0,29.89,18.6,51564.42,53972.17,42.836666666666666,28.4675,51675.07666666666,6.559999999999995,23.259999999999998,4,1,0,0
65.53,55765.48,-1.1,41,8.3,100,0.0,0.0,0.0,70.49,53.15,46.59,43.03,35.73,21.73,53023.85,56564.5,47.666666666666664,29.709166666666665,52261.385,12.380000000000003,29.800000000000004,5,1,0,0
79.98,59197.19,-1.1,38,5.4,100,0.0,0.0,0.0,39.54,65.53,53.15,46.59,41.62,26.41,55765.48,59683.89,54.71333333333334,31.3075,53593.21833333333,14.450000000000003,38.36000000000001,6,1,0,0
80.6,60844.54,-1.2,39,4.8,99,0.0,0.0,0.0,38.36,79.98,65.53,53.15,41.98,29.97,59197.19,62000.86,61.48,32.916666666666664,55251.305,0.6199999999999903,38.62,7,1,0,0
46.03,59203.67,-1.1,40,4.8,92,10.0,2.0,24.6,32.59,80.6,79.98,65.53,26.15,25.84,60844.54,61328.13,61.98,33.745,56599.85833333334,-34.56999999999999,19.880000000000003,8,1,0,0
27.01,59133.7,0.3,40,3.3,29,135.0,77.0,420.1,25.48,46.03,80.6,79.98,18.8,24.41,59203.67,59028.46,58.71666666666667,34.08708333333333,57861.405,-19.02,8.21,9,1,0,0
22.95,56863.46,2.4,37,2.2,0,323.0,249.0,709.6,24.56,27.01,46.03,80.6,15.38,23.0,59133.7,56732.57,53.68333333333333,34.4025,58501.34,-4.060000000000002,7.5699999999999985,10,1,0,0
21.84,55306.07,4.7,33,1.1,3,478.0,394.0,817.4,24.81,22.95,27.01,46.03,11.93,19.48,56863.46,54531.98,46.40166666666667,34.815416666666664,58424.77166666667,-1.1099999999999994,9.91,11,1,0,0
18.95,53618.48,6.6,32,1.6,5,581.0,488.0,859.6,37.61,21.84,22.95,27.01,9.87,16.57,55306.07,52712.45,36.23,35.19375,57494.986666666664,-2.8900000000000006,9.08,12,1,0,0
17.11,52608.9,9.1,28,3.2,0,619.0,520.0,863.7,45.55,18.95,21.84,22.95,7.68,16.07,53618.48,51419.96,25.648333333333337,35.586666666666666,56122.380000000005,-1.8399999999999999,9.43,13,1,0,0
16.11,51985.1,10.6,28,3.9,3,596.0,503.0,863.0,53.12,17.11,18.95,21.84,5.67,16.25,52608.9,50861.46,20.661666666666665,36.02166666666667,54919.284999999996,-1.0,10.44,14,1,0,1
16.51,51751.51,11.6,28,4.5,7,508.0,419.0,819.5,52.6,16.11,17.11,18.95,6.0,15.83,51985.1,50849.08,18.911666666666665,36.459583333333335,53688.920000000006,0.40000000000000213,10.510000000000002,15,1,0,1
19.53,52492.78,12.2,29,6.2,52,350.0,260.0,662.7,65.25,16.51,16.11,17.11,14.17,23.74,51751.51,51369.06,18.34166666666667,36.682916666666664,52960.47333333333,3.0199999999999996,5.360000000000001,16,1,0,1
26.92,54065.18,12.6,29,8.1,39,150.0,81.0,346.2,77.66,19.53,16.51,16.11,24.43,38.69,52492.78,53404.05,19.188333333333336,36.78666666666667,52753.65833333333,7.390000000000001,2.490000000000002,17,1,0,1
26.32,55739.61,12.0,35,6.3,94,26.0,10.0,92.0,51.85,26.92,19.53,16.51,31.17,36.07,54065.18,55994.14,20.416666666666668,36.584583333333335,53107.18,-0.6000000000000014,-4.850000000000001,18,1,0,1
25.0,55371.01,12.3,39,10.5,100,0.0,0.0,0.0,100.54,26.32,26.92,19.53,31.15,30.16,55739.61,56461.7,21.73166666666667,36.32833333333333,53567.53166666667,-1.3200000000000003,-6.149999999999999,19,1,0,1
22.14,54770.2,12.2,43,10.5,100,0.0,0.0,0.0,101.26,25.0,26.32,26.92,32.8,27.57,55371.01,56251.2,22.736666666666668,35.884166666666665,54031.715000000004,-2.8599999999999994,-10.659999999999997,20,1,0,1
21.71,53378.93,12.6,42,11.2,100,0.0,0.0,0.0,109.51,22.14,25.0,26.32,34.67,24.08,54770.2,55007.31,23.603333333333335,35.344166666666666,54302.95166666667,-0.4299999999999997,-12.96,21,1,0,0
20.03,51050.08,12.9,46,13.8,100,0.0,0.0,0.0,123.37,21.71,22.14,25.0,37.0,22.0,53378.93,53682.93,23.686666666666667,34.63708333333333,54062.50166666667,-1.6799999999999997,-16.97,22,1,0,0
18.66,48693.88,13.0,55,14.4,100,0.0,0.0,0.0,125.84,20.03,21.71,22.14,36.55,20.46,51050.08,52247.63,22.310000000000002,33.891666666666666,53167.284999999996,-1.370000000000001,-17.889999999999997,23,1,0,0
16.94,46955.23,12.2,61,14.3,100,0.0,0.0,0.0,126.98,18.66,20.03,21.71,37.7,19.24,48693.88,51206.19,20.746666666666666,33.026666666666664,51703.22166666667,-1.7199999999999989,-20.76,0,2,0,0
17.05,45824.61,12.1,64,12.6,100,0.0,0.0,0.0,121.94,16.94,18.66,20.03,40.0,19.3,46955.23,50896.02,19.421666666666667,32.07041666666667,50112.155,0.10999999999999943,-22.95,1,2,0,0
16.72,45301.24,12.1,70,13.9,100,0.0,0.0,0.0,127.32,17.05,16.94,18.66,43.03,18.8,45824.61,51112.35,18.518333333333334,30.974166666666665,48533.994999999995,-0.33000000000000185,-26.310000000000002,2,2,0,0
17.14,45199.88,12.2,77,13.9,100,0.0,0.0,0.0,128.77,16.72,17.05,16.94,46.59,18.96,45301.24,51564.42,17.756666666666664,29.747083333333332,47170.82,0.4200000000000017,-29.450000000000003,3,2,0,0
18.5,45726.45,12.2,82,10.5,100,0.0,0.0,0.0,103.31,17.14,16.72,17.05,53.15,20.07,45199.88,53023.85,17.501666666666665,28.30333333333333,46283.54833333333,1.3599999999999994,-34.65,4,2,0,0
22.16,47574.24,12.4,85,9.8,100,0.0,0.0,0.0,97.67,18.5,17.14,16.72,65.53,23.64,45726.45,55765.48,18.085,26.49625,46096.94166666666,3.66,-43.370000000000005,5,2,0,0
27.62,50432.93,11.4,89,11.8,91,0.0,0.0,0.0,119.28,22.16,18.5,17.14,79.98,26.86,47574.24,59197.19,19.865,24.31458333333333,46676.55833333333,5.460000000000001,-52.36,6,2,0,0
31.26,51809.17,11.4,92,8.1,88,0.0,0.0,0.0,65.43,27.62,22.16,18.5,80.6,25.81,50432.93,60844.54,22.233333333333334,22.258750000000003,47673.98499999999,3.6400000000000006,-49.33999999999999,7,2,0,0
28.9,51716.08,11.4,92,7.0,100,5.0,1.0,12.2,50.47,31.26,27.62,22.16,46.03,17.84,51809.17,59203.67,24.263333333333332,21.545,48743.125,-2.360000000000003,-17.130000000000003,8,2,0,0
22.6,51891.06,12.4,92,2.5,100,84.0,22.0,119.0,20.55,28.9,31.26,27.62,27.01,11.29,51716.08,59133.7,25.173333333333336,21.36125,49858.32166666666,-6.299999999999997,-4.41,9,2,0,0
21.96,51857.44,13.7,86,3.6,100,190.0,62.0,175.7,31.95,22.6,28.9,31.26,22.95,4.72,51891.06,56863.46,25.75,21.32,50880.15333333333,-0.6400000000000006,-0.9899999999999984,10,2,0,0
21.24,51406.23,13.9,84,6.6,100,137.0,9.0,18.6,57.55,21.96,22.6,28.9,21.84,3.0,51857.44,55306.07,25.596666666666668,21.294999999999998,51518.818333333336,-0.7200000000000024,-0.6000000000000014,11,2,0,0
21.18,50599.78,14.3,79,5.4,73,227.0,38.0,66.6,49.84,21.24,21.96,22.6,18.95,4.4,51406.23,53618.48,24.523333333333337,21.387916666666666,51546.62666666667,-0.05999999999999872,2.2300000000000004,12,2,0,0
21.86,49940.01,16.0,68,7.3,34,449.0,235.0,388.4,78.24,21.18,21.24,21.96,17.11,4.11,50599.78,52608.9,22.956666666666667,21.58583333333333,51235.100000000006,0.6799999999999997,4.75,13,2,0,0
20.8,49444.65,16.8,62,6.5,98,503.0,337.0,575.0,82.2,21.86,21.18,21.24,16.11,3.89,49940.01,51985.1,21.606666666666666,21.78125,50856.52833333333,-1.0599999999999987,4.690000000000001,14,2,0,1
20.32,49335.53,17.0,60,4.3,23,337.0,175.0,340.0,43.99,20.8,21.86,21.18,16.51,3.54,49444.65,51751.51,21.226666666666667,21.94,50430.60666666667,-0.4800000000000004,3.8099999999999987,15,2,0,1
26.06,49686.99,17.0,58,6.1,16,325.0,206.0,520.6,61.78,20.32,20.8,21.86,19.53,8.54,49335.53,52492.78,21.909999999999997,22.212083333333336,50068.865,5.739999999999998,6.529999999999998,16,2,0,1
44.83,50786.46,16.4,60,6.8,4,173.0,106.0,446.7,64.02,26.06,20.32,20.8,26.92,19.43,49686.99,54065.18,25.84166666666667,22.958333333333332,49965.57000000001,18.77,17.909999999999997,17,2,0,1
47.08,52336.2,14.5,71,4.8,6,34.0,17.0,154.0,34.69,44.83,26.06,20.32,26.32,21.04,50786.46,55739.61,30.15833333333333,23.823333333333334,50254.97333333333,2.25,20.759999999999998,18,2,0,1
45.83,52467.95,14.9,63,10.5,72,0.0,0.0,0.0,102.74,47.08,44.83,26.06,25.0,25.4,52336.2,55371.01,34.153333333333336,24.69125,50676.29666666667,-1.25,20.83,19,2,0,1
42.5,52090.55,14.2,65,12.8,54,0.0,0.0,0.0,122.34,45.83,47.08,44.83,22.14,28.99,52467.95,54770.2,37.77,25.53958333333333,51117.28,-3.3299999999999983,20.36,20,2,0,1
36.03,51231.6,13.5,57,13.8,50,0.0,0.0,0.0,126.12,42.5,45.83,47.08,21.71,31.01,52090.55,53378.93,40.38833333333333,26.13625,51433.291666666664,-6.469999999999999,14.32,21,2,0,0
31.35,49251.05,12.2,58,13.5,18,0.0,0.0,0.0,130.35,36.03,42.5,45.83,20.03,35.3,51231.6,51050.08,41.27,26.607916666666668,51360.635,-4.68,11.32,22,2,0,0
28.8,47349.25,10.9,62,11.6,92,0.0,0.0,0.0,122.56,31.35,36.03,42.5,18.66,34.82,49251.05,48693.88,38.598333333333336,27.030416666666667,50787.76666666666,-2.5500000000000007,10.14,23,2,0,0
29.84,45719.75,9.4,67,11.1,100,0.0,0.0,0.0,115.72,28.8,31.35,36.03,16.94,40.67,47349.25,46955.23,35.725,27.567916666666665,49685.024999999994,1.0399999999999991,12.899999999999999,0,3,0,0
29.79,45046.75,8.4,70,10.3,100,0.0,0.0,0.0,97.64,29.84,28.8,31.35,17.05,42.51,45719.75,45824.61,33.05166666666667,28.09875,48448.15833333333,-0.05000000000000071,12.739999999999998,1,3,0,0
29.69,44737.52,7.5,71,9.2,100,0.0,0.0,0.0,80.75,29.79,29.84,28.8,16.72,44.09,45046.75,45301.24,30.916666666666668,28.639166666666668,47222.65333333334,-0.09999999999999787,12.970000000000002,2,3,0,0
30.84,44924.34,6.8,72,9.2,52,0.0,0.0,0.0,83.34,29.69,29.79,29.84,17.14,44.81,44737.52,45199.88,30.051666666666666,29.209999999999997,46171.443333333336,1.1499999999999986,13.7,3,3,0,0
31.49,46056.45,6.3,74,9.1,20,0.0,0.0,0.0,82.52,30.84,29.69,29.79,18.5,46.35,44924.34,45726.45,30.075,29.75125,45639.01,0.6499999999999986,12.989999999999998,4,3,0,0
37.63,48288.1,6.0,78,8.6,56,0.0,0.0,0.0,78.94,31.49,30.84,29.69,22.16,54.25,46056.45,47574.24,31.54666666666667,30.395833333333332,45795.48499999999,6.140000000000004,15.470000000000002,5,3,0,0
45.85,51692.99,5.8,85,7.7,22,0.0,0.0,0.0,59.02,37.63,31.49,30.84,27.62,47.83,48288.1,50432.93,34.215,31.155416666666667,46791.024999999994,8.219999999999999,18.23,6,3,0,0
51.49,53372.23,5.4,89,6.9,100,0.0,0.0,0.0,58.96,45.85,37.63,31.49,31.26,40.74,51692.99,51809.17,37.83166666666667,31.998333333333335,48178.605,5.640000000000001,20.23,7,3,0,0
44.52,53141.42,5.4,90,7.4,100,11.0,3.0,36.2,60.47,51.49,45.85,37.63,28.9,21.83,53372.23,51716.08,40.303333333333335,32.649166666666666,49579.255,-6.969999999999999,15.620000000000005,8,3,0,0
30.01,52773.47,6.8,86,7.2,100,116.0,38.0,203.7,62.48,44.52,51.49,45.85,22.6,15.91,53141.42,51891.06,40.165000000000006,32.95791666666667,50887.44333333333,-14.510000000000002,7.41,9,3,0,0
27.56,52368.98,8.4,83,8.7,100,228.0,65.0,183.1,85.35,30.01,44.52,51.49,21.96,10.67,52773.47,51857.44,39.51,33.19125,51939.53166666667,-2.450000000000003,5.599999999999998,10,3,0,0
26.17,51788.55,10.8,75,8.5,100,383.0,179.0,367.7,88.53,27.56,30.01,44.52,21.24,8.0,52368.98,51406.23,37.6,33.39666666666667,52522.94,-1.389999999999997,4.930000000000003,11,3,0,0
24.25,51224.67,9.7,82,5.1,100,484.0,234.0,408.3,61.22,26.17,27.56,30.01,21.18,6.13,51788.55,50599.78,34.0,33.52458333333333,52444.886666666665,-1.9200000000000017,3.0700000000000003,12,3,0,0
23.53,50806.21,10.8,79,3.7,100,352.0,79.0,129.9,39.17,24.25,26.17,27.56,21.86,5.24,51224.67,49940.01,29.34,33.594166666666666,52017.21666666667,-0.7199999999999989,1.6700000000000017,13,3,0,0
22.85,50477.67,11.5,76,4.7,100,357.0,77.0,130.7,44.55,23.53,24.25,26.17,20.8,1.89,50806.21,49444.65,25.728333333333335,33.67958333333333,51573.25833333333,-0.6799999999999997,2.0500000000000007,14,3,0,1
24.32,50509.04,12.1,74,7.1,100,312.0,71.0,137.1,68.47,22.85,23.53,24.25,20.32,2.49,50477.67,49335.53,24.78,33.84625,51195.85333333333,1.4699999999999989,4.0,15,3,0,1
29.13,51024.22,12.2,73,6.7,100,221.0,32.0,80.2,62.07,24.32,22.85,23.53,26.06,12.06,50509.04,49686.99,25.041666666666668,33.97416666666667,50971.72666666666,4.809999999999999,3.0700000000000003,16,3,0,1
39.39,51908.61,12.1,73,5.4,100,141.0,35.0,145.5,49.7,29.13,24.32,22.85,44.83,28.0,51024.22,50786.46,27.245,33.7475,50991.736666666664,10.260000000000002,-5.439999999999998,17,3,0,1
35.52,53349.35,10.7,85,4.0,100,32.0,10.0,89.3,24.82,39.39,29.13,24.32,47.08,27.2,51908.61,52336.2,29.123333333333335,33.26583333333334,51345.850000000006,-3.8699999999999974,-11.559999999999995,18,3,0,1
32.61,53391.62,10.1,87,4.0,100,0.0,0.0,0.0,19.49,35.52,39.39,29.13,45.83,26.29,53349.35,52467.95,30.636666666666667,32.715,51776.75166666667,-2.9100000000000037,-13.219999999999999,19,3,0,1
29.95,53085.5,10.1,87,7.0,100,0.0,0.0,0.0,54.82,32.61,35.52,39.39,42.5,24.37,53391.62,52090.55,31.820000000000004,32.192083333333336,52211.39000000001,-2.66,-12.55,20,3,0,1
28.17,51980.53,10.1,88,6.8,100,0.0,0.0,0.0,52.38,29.95,32.61,35.52,36.03,23.43,53085.5,51231.6,32.461666666666666,31.86458333333334,52456.638333333336,-1.7799999999999976,-7.859999999999999,21,3,0,0
27.21,49921.15,10.1,89,4.9,100,0.0,0.0,0.0,24.45,28.17,29.95,32.61,31.35,23.52,51980.53,49251.05,32.141666666666666,31.692083333333333,52272.793333333335,-0.9600000000000009,-4.140000000000001,22,3,0,0
25.21,47808.92,10.2,89,5.5,100,0.0,0.0,0.0,38.53,27.21,28.17,29.95,28.8,21.54,49921.15,47349.25,29.778333333333336,31.5425,51589.511666666665,-2.0,-3.59,23,3,0,0
34.24,45964.12,10.8,89,5.8,100,0.0,0.0,0.0,41.21,25.21,27.21,28.17,29.84,18.35,47808.92,45719.75,29.564999999999998,31.725833333333338,50358.64000000001,9.030000000000001,4.400000000000002,0,4,0,0
33.02,44762.63,10.9,90,5.8,100,0.0,0.0,0.0,43.99,34.24,25.21,27.21,29.79,17.53,45964.12,45046.75,29.633333333333336,31.860416666666666,48920.475000000006,-1.2199999999999989,3.230000000000004,1,4,0,0
34.37,44182.51,11.1,90,6.4,100,0.0,0.0,0.0,54.12,33.02,34.24,25.21,29.69,17.44,44762.63,44737.52,30.37,32.055416666666666,47436.64333333333,1.3499999999999943,4.679999999999996,2,4,0,0
29.92,44244.56,11.1,90,6.8,100,0.0,0.0,0.0,56.58,34.37,33.02,34.24,30.84,17.25,44182.51,44924.34,30.661666666666672,32.01708333333333,46147.315,-4.449999999999996,-0.9199999999999982,3,4,0,0
31.71,44934.26,11.1,90,8.3,100,0.0,0.0,0.0,70.93,29.92,34.37,33.02,31.49,19.69,44244.56,46056.45,31.411666666666665,32.02625,45316.166666666664,1.7899999999999991,0.22000000000000242,4,4,0,0
34.45,46596.62,11.1,90,10.4,100,0.0,0.0,0.0,97.3,31.71,29.92,34.37,37.63,23.93,44934.26,48288.1,32.95166666666667,31.89375,45114.11666666667,2.740000000000002,-3.1799999999999997,5,4,0,0
40.14,49528.63,10.6,91,10.3,100,0.0,0.0,0.0,106.89,34.45,31.71,29.92,45.85,26.65,46596.62,51692.99,33.935,31.655833333333334,45708.20166666667,5.689999999999998,-5.710000000000001,6,4,0,0
39.67,51118.66,10.2,90,11.9,100,0.0,0.0,0.0,123.33,40.14,34.45,31.71,51.49,26.28,49528.63,53372.23,35.04333333333334,31.16333333333333,46767.54,-0.46999999999999886,-11.82,7,4,0,0
43.13,51733.04,9.8,89,13.1,100,3.0,0.0,0.0,124.9,39.67,40.14,34.45,44.52,15.68,51118.66,53141.42,36.50333333333334,31.105416666666667,48025.96166666667,3.460000000000001,-1.3900000000000006,8,4,0,0
53.52,52474.41,9.9,87,11.2,100,32.0,0.0,0.0,113.97,43.13,39.67,40.14,30.01,7.93,51733.04,52773.47,40.436666666666675,32.085,49397.60333333333,10.39,23.51,9,4,0,0
41.93,53262.17,9.8,86,14.2,100,67.0,1.0,2.8,128.65,53.52,43.13,39.67,27.56,5.2,52474.41,52368.98,42.14000000000001,32.68375,50785.58833333334,-11.590000000000003,14.370000000000001,10,4,0,0
39.61,53868.58,9.6,86,14.6,100,108.0,6.0,12.3,129.67,41.93,53.52,43.13,26.17,5.04,53262.17,51788.55,43.0,33.24375,51997.581666666665,-2.3200000000000003,13.439999999999998,11,4,0,0
33.55,54256.69,8.9,88,15.5,100,86.0,0.0,0.0,127.29,39.61,41.93,53.52,24.25,5.0,53868.58,51224.67,41.90166666666667,33.63125,52785.59166666667,-6.060000000000002,9.299999999999997,12,4,0,0
38.85,54638.6,8.6,92,14.5,100,112.0,1.0,1.6,128.67,33.55,39.61,41.93,23.53,4.05,54256.69,50806.21,41.765,34.26958333333334,53372.248333333344,5.300000000000004,15.32,13,4,0,0
38.23,54854.15,8.2,89,18.6,100,84.0,0.0,0.0,128.81,38.85,33.55,39.61,22.85,3.92,54638.6,50477.67,40.94833333333333,34.91041666666667,53892.43333333333,-0.6200000000000045,15.379999999999995,14,4,0,1
36.45,54850.24,7.5,92,19.9,100,63.0,0.0,0.0,126.23,38.23,38.85,33.55,24.32,3.57,54854.15,50509.04,38.10333333333333,35.41583333333333,54288.405,-1.779999999999994,12.130000000000003,15,4,0,1
37.94,55551.65,6.8,90,21.7,100,37.0,0.0,0.0,124.42,36.45,38.23,38.85,29.13,9.29,54850.24,51024.22,37.43833333333333,35.78291666666667,54669.98500000001,1.4899999999999949,8.809999999999999,16,4,0,1
31.49,56768.44,6.2,87,20.2,100,18.0,0.0,0.0,125.93,37.94,36.45,38.23,39.39,23.92,55551.65,51908.61,36.085,35.45375000000001,55153.295000000006,-6.449999999999999,-7.900000000000002,17,4,0,1
34.16,58001.54,5.2,88,19.4,100,4.0,0.0,0.0,124.14,31.49,37.94,36.45,35.52,29.87,56768.44,53349.35,36.18666666666666,35.397083333333335,55777.43666666667,2.669999999999998,-1.3600000000000065,18,4,0,1
41.29,57795.31,4.1,89,17.9,100,0.0,0.0,0.0,129.22,34.16,31.49,37.94,32.61,30.02,58001.54,53391.62,36.59333333333333,35.75875,56303.55499999999,7.130000000000003,8.68,19,4,0,1
43.4,57486.74,3.4,84,19.3,100,0.0,0.0,0.0,116.75,41.29,34.16,31.49,29.95,31.36,57795.31,53085.5,37.455,36.31916666666667,56742.32000000001,2.1099999999999994,13.45,20,4,0,1
46.72,56918.25,2.8,82,17.3,100,0.0,0.0,0.0,127.98,43.4,41.29,34.16,28.17,32.26,57486.74,51980.53,39.166666666666664,37.09208333333333,57086.98833333334,3.3200000000000003,18.549999999999997,21,4,0,0
47.24,55938.15,2.4,81,15.9,100,0.0,0.0,0.0,128.45,46.72,43.4,41.29,27.21,31.08,56918.25,49921.15,40.71666666666667,37.92666666666667,57151.405,0.5200000000000031,20.03,22,4,0,0
47.61,54713.9,2.0,84,15.7,100,0.0,0.0,0.0,118.49,47.24,46.72,43.4,25.21,27.47,55938.15,47808.92,43.403333333333336,38.86,56808.98166666667,0.36999999999999744,22.4,23,4,0,0
51.44,53628.84,1.0,87,14.5,100,0.0,0.0,0.0,123.68,47.61,47.24,46.72,34.24,21.77,54713.9,45964.12,46.28333333333333,39.57666666666667,56080.198333333334,3.8299999999999983,17.199999999999996,0,5,1,0
54.54,52937.23,0.9,89,13.3,100,0.0,0.0,0.0,123.59,51.44,47.61,47.24,33.02,20.27,53628.84,44762.63,48.49166666666667,40.473333333333336,55270.51833333334,3.1000000000000014,21.519999999999996,1,5,1,0
55.48,52553.55,0.8,86,12.4,100,0.0,0.0,0.0,120.49,54.54,51.44,47.61,34.37,19.2,52937.23,44182.51,50.504999999999995,41.352916666666665,54448.32,0.9399999999999977,21.11,2,5,1,0
57.96,52578.54,0.4,91,12.8,100,0.0,0.0,0.0,122.37,55.48,54.54,51.44,29.92,20.38,52553.55,44244.56,52.37833333333333,42.52125,53725.035,2.480000000000004,28.04,3,5,1,0
63.9,53017.08,0.2,91,16.1,100,0.0,0.0,0.0,121.38,57.96,55.48,54.54,31.71,21.66,52578.54,44934.26,55.155,43.862500000000004,53238.19,5.939999999999998,32.19,4,5,1,0
73.87,54507.89,-0.1,93,14.9,100,0.0,0.0,0.0,129.96,63.9,57.96,55.48,34.45,26.74,53017.08,46596.62,59.531666666666666,45.504999999999995,53203.855,9.970000000000006,39.42,5,5,1,0
84.2,56325.92,-0.8,93,16.4,100,0.0,0.0,0.0,127.51,73.87,63.9,57.96,40.14,25.42,54507.89,49528.63,64.99166666666666,47.340833333333336,53653.36833333334,10.329999999999998,44.06,6,5,1,0
95.43,58497.31,-2.7,91,17.3,100,0.0,0.0,0.0,128.52,84.2,73.87,63.9,39.67,26.9,56325.92,51118.66,71.80666666666666,49.66416666666667,54580.04833333333,11.230000000000004,55.760000000000005,7,5,1,0
128.66,60243.61,-2.8,90,14.1,100,2.0,0.0,0.0,126.97,95.43,84.2,73.87,43.13,21.11,58497.31,51733.04,84.00333333333334,53.22791666666666,55861.725,33.22999999999999,85.53,8,5,1,0
154.21,61498.34,-3.7,88,16.2,100,19.0,0.0,0.0,122.27,128.66,95.43,84.2,53.52,17.56,60243.61,52474.41,100.045,57.423333333333325,57348.35833333334,25.55000000000001,100.69,9,5,1,0
161.28,63136.08,-3.5,85,15.5,100,52.0,0.0,0.0,125.73,154.21,128.66,95.43,41.93,14.12,61498.34,53262.17,116.27500000000002,62.39625000000001,59034.85833333334,7.069999999999993,119.35,10,5,1,0
165.35,64283.72,-3.0,84,14.8,100,50.0,0.0,0.0,128.68,161.28,154.21,128.66,39.61,8.64,63136.08,53868.58,131.52166666666668,67.63541666666667,60664.16333333333,4.069999999999993,125.74,11,5,1,0
175.0,65186.18,-4.3,85,14.3,100,90.0,0.0,0.0,125.54,165.35,161.28,154.21,33.55,6.21,64283.72,54256.69,146.655,73.52916666666667,62140.87333333333,9.650000000000006,141.45,12,5,1,0
173.72,65581.8,-4.1,80,11.2,100,106.0,1.0,1.6,119.89,175.0,165.35,161.28,38.85,4.51,65186.18,54638.6,159.70333333333335,79.14875,63321.621666666666,-1.2800000000000011,134.87,13,5,1,0
179.37,65978.34,-3.9,76,11.7,100,104.0,1.0,1.7,124.54,173.72,175.0,165.35,38.23,3.5,65581.8,54854.15,168.155,85.02958333333333,64277.41,5.650000000000006,141.14000000000001,14,5,1,1
191.94,66614.75,-3.8,74,13.2,100,63.0,0.0,0.0,126.73,179.37,173.72,175.0,36.45,3.83,65978.34,54850.24,174.44333333333336,91.50833333333333,65130.145,12.569999999999993,155.49,15,5,1,1
222.86,67495.42,-3.2,71,12.6,100,75.0,0.0,0.0,130.59,191.94,179.37,173.72,37.94,14.13,66614.75,55551.65,184.70666666666668,99.21333333333332,65856.70166666668,30.920000000000016,184.92000000000002,16,5,1,1
274.24,68952.92,-3.4,74,14.2,100,20.0,0.0,0.0,127.04,222.86,191.94,179.37,31.49,29.93,67495.42,56768.44,202.85500000000002,109.32791666666668,66634.90166666667,51.379999999999995,242.75,17,5,1,1
344.59,70451.53,-5.4,86,12.6,100,4.0,0.0,0.0,123.82,274.24,222.86,191.94,34.16,40.44,68952.92,58001.54,231.12,122.26249999999999,67512.46,70.34999999999997,310.42999999999995,18,5,1,1
274.5,70496.04,-5.9,84,17.8,100,0.0,0.0,0.0,128.19,344.59,274.24,222.86,41.29,43.79,70451.53,57795.31,247.91666666666666,131.97958333333332,68331.49999999999,-70.08999999999997,233.21,19,5,1,1
296.82,70338.29,-6.2,87,15.3,100,0.0,0.0,0.0,121.46,274.5,344.59,274.24,43.4,47.32,70496.04,57486.74,267.4916666666667,142.53875,69058.15833333333,22.319999999999993,253.42,20,5,1,1
309.85,69880.08,-5.9,87,16.2,100,0.0,0.0,0.0,126.56,296.82,274.5,344.59,46.72,52.99,70338.29,56918.25,287.1433333333334,153.5025,69602.37999999999,13.03000000000003,263.13,21,5,1,0
414.68,68695.81,-6.0,84,16.7,100,0.0,0.0,0.0,126.49,309.85,296.82,274.5,47.24,53.77,69880.08,55938.15,319.1133333333333,168.8125,69802.44499999999,104.82999999999998,367.44,22,5,1,0
325.07,67650.84,-6.1,87,15.6,100,0.0,0.0,0.0,123.78,414.68,309.85,296.82,47.61,41.75,68695.81,54713.9,327.585,180.37333333333333,69585.43166666667,-89.61000000000001,277.46,23,5,1,0
428.82,67037.48,-7.4,86,21.0,100,0.0,0.0,0.0,125.69,325.07,414.68,309.85,51.44,51.58,67650.84,53628.84,341.6233333333333,196.09749999999997,69016.42333333332,103.75,377.38,0,6,1,0
437.31,66302.82,-7.7,85,15.0,100,0.0,0.0,0.0,120.95,428.82,325.07,414.68,54.54,45.91,67037.48,52937.23,368.7583333333334,212.04625,68317.55333333333,8.490000000000009,382.77,1,6,1,0
417.34,66164.82,-7.3,86,16.3,100,0.0,0.0,0.0,127.48,437.31,428.82,325.07,55.48,45.26,66302.82,52553.55,388.845,227.12375,67621.975,-19.970000000000027,361.85999999999996,2,6,1,0
454.38,66745.82,-7.2,87,14.3,100,0.0,0.0,0.0,124.15,417.34,437.31,428.82,57.96,43.93,66164.82,52578.54,412.93333333333334,243.64125,67099.59833333334,37.04000000000002,396.42,3,6,1,0
454.76,67599.14,-8.1,85,19.1,100,0.0,0.0,0.0,123.14,454.38,417.34,437.31,63.9,45.0,66745.82,53017.08,419.6133333333334,259.9270833333333,66916.82,0.37999999999999545,390.86,4,6,1,0
500.0,68654.45,-9.3,84,22.2,100,0.0,0.0,0.0,127.85,454.76,454.38,417.34,73.87,47.14,67599.14,54507.89,448.76833333333326,277.68249999999995,67084.08833333333,45.24000000000001,426.13,5,6,1,0
364.92,70084.12,-9.4,85,18.6,98,0.0,0.0,0.0,122.59,500.0,454.76,454.38,84.2,41.4,68654.45,56325.92,438.11833333333334,289.37916666666666,67591.86166666668,-135.07999999999998,280.72,6,6,1,0
401.68,71320.06,-9.9,82,17.0,100,0.0,0.0,0.0,120.48,364.92,500.0,454.76,95.43,39.46,70084.12,58497.31,432.18,302.13958333333335,68428.06833333334,36.75999999999999,306.25,7,6,1,0
441.82,71974.02,-9.8,80,17.4,100,4.0,0.0,0.0,120.24,401.68,364.92,500.0,128.66,25.67,71320.06,60243.61,436.26,315.18791666666664,69396.26833333333,40.139999999999986,313.15999999999997,8,6,1,0
493.41,72915.64,-9.6,78,19.0,98,87.0,12.0,62.4,130.88,441.82,401.68,364.92,154.21,18.41,71974.02,61498.34,442.76500000000004,329.32125,70424.57166666667,51.59000000000003,339.20000000000005,9,6,1,0
500.0,73487.19,-9.5,76,19.4,96,243.0,63.0,174.1,133.02,493.41,441.82,401.68,161.28,13.59,72915.64,63136.08,450.305,343.43458333333336,71405.91333333333,6.589999999999975,338.72,10,6,1,0
500.0,72719.28,-9.1,73,19.5,100,366.0,127.0,256.7,148.27,500.0,493.41,441.82,165.35,7.0,73487.19,64283.72,450.305,357.37833333333333,72083.38500000001,0.0,334.65,11,6,1,0
453.34,71732.96,-8.0,76,18.3,100,450.0,143.0,245.7,140.96,500.0,500.0,493.41,175.0,3.62,72719.28,65186.18,465.0416666666667,368.97583333333336,72358.19166666667,-46.660000000000025,278.34,12,6,1,0
467.4,70878.0,-7.8,73,16.7,100,279.0,8.0,12.9,143.75,453.34,500.0,500.0,173.72,2.47,71732.96,65581.8,475.99499999999995,381.2124999999999,72284.515,14.060000000000002,293.67999999999995,13,6,1,0
432.15,70402.82,-6.9,71,16.5,100,397.0,65.0,108.4,145.19,467.4,453.34,500.0,179.37,1.33,70878.0,65978.34,474.3833333333334,391.74500000000006,72022.64833333333,-35.25,252.77999999999997,14,6,1,1
329.72,70036.83,-6.7,71,17.0,100,290.0,44.0,83.2,138.92,432.15,467.4,453.34,191.94,1.0,70402.82,66614.75,447.10166666666663,397.48583333333335,71542.84666666666,-102.42999999999995,137.78000000000003,15,6,1,1
361.9,70469.28,-6.7,73,18.6,100,171.0,8.0,19.5,131.62,329.72,432.15,467.4,222.86,12.81,70036.83,67495.42,424.085,403.27916666666664,71039.86166666668,32.17999999999995,139.03999999999996,16,6,1,1
500.0,72299.65,-6.6,74,17.4,100,119.0,16.0,63.8,131.86,361.9,329.72,432.15,274.24,33.18,70469.28,68952.92,424.085,412.6858333333333,70969.92333333332,138.10000000000002,225.76,17,6,1,1
500.0,74034.31,-6.2,81,16.1,100,21.0,0.0,0.0,125.64,500.0,361.9,329.72,344.59,34.0,72299.65,70451.53,431.8616666666667,419.16124999999994,71353.48166666667,0.0,155.41000000000003,18,6,1,1
500.0,73913.67,-6.2,81,17.2,100,0.0,0.0,0.0,128.02,500.0,500.0,361.9,274.5,30.0,74034.31,70496.04,437.295,428.5570833333333,71859.42666666667,0.0,225.5,19,6,1,1
500.0,73616.17,-6.3,82,15.5,100,0.0,0.0,0.0,125.05,500.0,500.0,500.0,296.82,25.26,73913.67,70338.29,448.6033333333333,437.0229166666666,72394.985,0.0,203.18,20,6,1,1
500.0,72966.96,-6.2,83,12.2,100,0.0,0.0,0.0,125.16,500.0,500.0,500.0,309.85,22.88,73616.17,69880.08,476.98333333333335,444.94583333333327,72883.34,0.0,190.14999999999998,21,6,1,0
500.0,71406.72,-6.2,82,12.3,45,0.0,0.0,0.0,123.62,500.0,500.0,500.0,414.68,20.85,72966.96,68695.81,500.0,448.50083333333333,73039.58,0.0,85.32,22,6,1,0
500.0,70354.2,-6.6,81,12.0,2,0.0,0.0,0.0,124.54,500.0,500.0,500.0,325.07,20.52,71406.72,67650.84,500.0,455.78958333333327,72715.33833333333,0.0,174.93,23,6,1,0
500.0,69804.01,-6.9,81,11.9,25,0.0,0.0,0.0,124.08,500.0,500.0,500.0,428.82,23.89,70354.2,67037.48,500.0,458.75541666666663,72010.28833333333,0.0,71.18,0,0,0,0
500.0,69712.13,-7.3,82,11.3,5,0.0,0.0,0.0,108.83,500.0,500.0,500.0,437.31,23.81,69804.01,66302.82,500.0,461.3675,71310.03166666666,0.0,62.69,1,0,0,0
500.0,69765.05,-7.9,82,12.4,2,0.0,0.0,0.0,120.66,500.0,500.0,500.0,417.34,24.79,69712.13,66164.82,500.0,464.81166666666667,70668.17833333334,0.0,82.66000000000003,2,0,0,0
500.0,70055.01,-8.4,80,12.9,0,0.0,0.0,0.0,126.94,500.0,500.0,500.0,454.38,28.21,69765.05,66745.82,500.0,466.71250000000003,70182.85333333333,0.0,45.620000000000005,3,0,0,0
500.0,70696.19,-9.2,76,11.3,0,0.0,0.0,0.0,114.47,500.0,500.0,500.0,454.76,29.89,70055.01,67599.14,500.0,468.5975,70064.43166666666,0.0,45.24000000000001,4,0,0,0
500.0,72050.31,-9.8,75,10.4,0,0.0,0.0,0.0,100.07,500.0,500.0,500.0,500.0,35.73,70696.19,68654.45,500.0,468.5975,70347.11666666667,0.0,0.0,5,0,0,0
500.0,73909.37,-9.6,77,10.7,5,0.0,0.0,0.0,105.06,500.0,500.0,500.0,364.92,41.62,72050.31,70084.12,500.0,474.22583333333336,71031.34333333334,0.0,135.07999999999998,6,0,0,0
500.0,75110.56,-9.8,77,9.9,100,0.0,0.0,0.0,94.49,500.0,500.0,500.0,401.68,41.98,73909.37,71320.06,500.0,478.3225,71931.08166666667,0.0,98.32,7,0,0,0
500.0,75613.68,-8.9,75,9.2,100,11.0,2.0,23.1,82.65,500.0,500.0,500.0,441.82,26.15,75110.56,71974.02,500.0,480.74666666666667,72905.85333333332,0.0,58.18000000000001,8,0,0,0
459.14,74403.43,-8.1,71,9.4,99,96.0,4.0,20.6,88.92,500.0,500.0,500.0,493.41,18.8,75613.68,72915.64,493.19,479.31874999999997,73630.59,-40.860000000000014,-34.27000000000004,9,0,0,0
222.21,72500.72,-7.2,69,8.4,1,252.0,69.0,189.3,86.22,459.14,500.0,500.0,500.0,15.38,74403.43,73487.19,446.89166666666665,467.7441666666667,73931.345,-236.92999999999998,-277.78999999999996,10,0,0,0
167.02,69840.9,-5.8,65,8.2,0,537.0,437.0,878.0,94.36,222.21,459.14,500.0,500.0,11.93,72500.72,72719.28,391.395,453.87000000000006,73563.11,-55.19,-332.98,11,0,0,0
170.34,66942.86,-3.4,63,5.7,0,642.0,524.0,895.3,74.15,167.02,222.21,459.14,453.34,9.87,69840.9,71732.96,336.45166666666665,442.0783333333334,72402.02500000001,3.319999999999993,-283.0,12,0,0,0
147.46,63974.39,-2.7,59,1.5,0,690.0,569.0,915.8,34.9,170.34,167.02,222.21,467.4,7.68,66942.86,70878.0,277.695,428.7475,70545.99666666666,-22.879999999999995,-319.93999999999994,13,0,0,0
116.34,61644.49,-1.9,58,3.8,0,669.0,553.0,916.8,58.76,147.46,170.34,167.02,432.15,5.67,63974.39,70402.82,213.75166666666667,415.58874999999995,68217.79833333332,-31.120000000000005,-315.80999999999995,14,0,0,1
114.77,60156.21,-1.5,60,5.6,0,578.0,471.0,884.9,70.07,116.34,147.46,170.34,329.72,6.0,61644.49,70036.83,156.35666666666665,406.6325,65843.26166666667,-1.5700000000000074,-214.95000000000005,15,0,0,1
90.66,60257.05,-1.6,59,6.1,0,427.0,336.0,813.0,67.32,114.77,116.34,147.46,361.9,14.17,60156.21,70469.28,134.43166666666667,395.3308333333334,63802.649999999994,-24.11,-271.24,16,0,0,1
268.39,62017.91,-2.8,65,3.8,0,235.0,168.0,660.3,36.92,90.66,114.77,116.34,500.0,24.43,60257.05,72299.65,151.32666666666665,385.68041666666664,62498.818333333336,177.73,-231.61,17,0,0,1
349.82,65445.76,-3.5,69,3.2,0,49.0,29.0,244.0,24.62,268.39,90.66,114.77,500.0,31.17,62017.91,74034.31,181.24,379.42291666666665,62249.30166666667,81.43,-150.18,18,0,0,1
326.74,67087.43,-4.6,67,2.7,0,0.0,0.0,0.0,16.35,349.82,268.39,90.66,500.0,31.15,65445.76,73913.67,211.12,372.20374999999996,62768.14166666666,-23.079999999999984,-173.26,19,0,0,1
392.0,67749.16,-4.9,68,3.9,0,0.0,0.0,0.0,17.58,326.74,349.82,268.39,500.0,32.8,67087.43,73616.17,257.06333333333333,367.70374999999996,63785.58666666667,65.25999999999999,-108.0,20,0,0,1
450.0,67697.5,-5.1,69,5.8,0,0.0,0.0,0.0,38.07,392.0,326.74,349.82,500.0,34.67,67749.16,72966.96,312.935,365.62041666666664,65042.46833333333,58.0,-50.0,21,0,0,0
492.88,66566.69,-4.5,67,6.4,0,0.0,0.0,0.0,46.7,450.0,392.0,326.74,500.0,37.0,67697.5,71406.72,379.97166666666664,365.32375,66094.075,42.879999999999995,-7.1200000000000045,22,0,0,0
295.48,65906.25,-4.0,65,8.4,0,0.0,0.0,0.0,73.11,492.88,450.0,392.0,500.0,36.55,66566.69,70354.2,384.4866666666667,356.8020833333333,66742.13166666667,-197.39999999999998,-204.51999999999998,23,0,0,0
154.17,65659.64,-4.2,68,12.2,0,0.0,0.0,0.0,126.26,295.48,492.88,450.0,500.0,37.7,65906.25,69804.01,351.87833333333333,342.3925,66777.77833333334,-141.31000000000003,-345.83000000000004,0,1,0,0
156.14,65820.16,-4.5,70,12.7,0,0.0,0.0,0.0,122.53,154.17,295.48,492.88,500.0,40.0,65659.64,69712.13,323.445,328.065,66566.56666666667,1.9699999999999989,-343.86,1,1,0,0
165.76,66058.54,-4.6,73,12.9,0,0.0,0.0,0.0,125.27,156.14,154.17,295.48,500.0,43.03,65820.16,69765.05,285.7383333333333,314.1383333333334,66284.79666666668,9.620000000000005,-334.24,2,1,0,0
174.28,66640.41,-4.4,75,12.6,0,0.0,0.0,0.0,122.44,165.76,156.14,154.17,500.0,46.59,66058.54,70055.01,239.785,300.56666666666666,66108.615,8.52000000000001,-325.72,3,1,0,0
187.83,67917.51,-4.6,76,10.0,33,0.0,0.0,0.0,93.03,174.28,165.76,156.14,500.0,53.15,66640.41,70696.19,188.94333333333336,287.55958333333336,66333.75166666666,13.550000000000011,-312.16999999999996,4,1,0,0
271.84,69966.84,-4.8,76,10.2,73,0.0,0.0,0.0,93.51,187.83,174.28,165.76,500.0,65.53,67917.51,72050.31,185.00333333333333,278.0529166666667,67010.51666666666,84.00999999999996,-228.16000000000003,5,1,0,0
214.15,72584.44,-5.0,80,8.9,100,0.0,0.0,0.0,76.88,271.84,187.83,174.28,500.0,79.98,69966.84,73909.37,195.0,266.1425,68164.65,-57.68999999999997,-285.85,6,1,0,0
253.89,74317.7,-5.4,81,7.5,100,0.0,0.0,0.0,57.56,214.15,271.84,187.83,500.0,80.6,72584.44,75110.56,211.29166666666666,255.88791666666668,69580.90666666666,39.73999999999998,-246.11,7,1,0,0
160.58,73180.59,-5.3,81,8.4,100,15.0,5.0,57.1,70.86,253.89,214.15,271.84,500.0,46.03,74317.7,75613.68,210.4283333333333,241.74541666666667,70767.915,-93.30999999999997,-339.41999999999996,8,1,0,0
106.71,69972.44,-3.7,78,7.2,100,160.0,90.0,457.3,69.12,160.58,253.89,214.15,459.14,27.01,73180.59,74403.43,199.16666666666666,227.06083333333333,71323.25333333334,-53.87000000000002,-352.43,9,1,0,0
86.06,66562.02,-1.6,72,8.0,100,367.0,279.0,760.1,83.38,106.71,160.58,253.89,222.21,22.95,69972.44,72500.72,182.205,221.38791666666665,71097.33833333333,-20.64999999999999,-136.15,10,1,0,0
81.57,63405.58,0.2,68,7.9,100,484.0,278.0,555.3,98.71,86.06,106.71,160.58,167.02,21.84,66562.02,69840.9,150.49333333333334,217.82750000000001,70003.795,-4.490000000000009,-85.45000000000002,11,1,0,0
54.64,60943.69,3.0,66,8.8,100,481.0,146.0,248.1,103.85,81.57,86.06,106.71,170.34,18.95,63405.58,66942.86,123.90833333333335,213.00666666666666,68063.67,-26.929999999999993,-115.7,12,1,0,0
47.71,58687.89,3.0,65,8.0,100,447.0,95.0,152.0,90.79,54.64,81.57,86.06,147.46,17.11,60943.69,63974.39,89.545,208.85041666666666,65458.70166666667,-6.93,-99.75,13,1,0,0
43.99,57031.39,3.4,67,6.7,100,419.0,68.0,112.1,70.4,47.71,54.64,81.57,116.34,16.11,58687.89,61644.49,70.11333333333333,205.83583333333334,62767.168333333335,-3.719999999999999,-72.35,14,1,0,1
39.91,56256.14,3.7,67,7.3,100,335.0,48.0,89.6,78.02,43.99,47.71,54.64,114.77,16.51,57031.39,60156.21,58.98,202.71666666666667,60481.11833333334,-4.080000000000005,-74.86,15,1,0,1
71.8,56272.9,3.5,70,8.3,68,265.0,51.0,122.3,83.26,39.91,43.99,47.71,90.66,19.53,56256.14,60257.05,56.60333333333333,201.93083333333334,58766.26500000001,31.89,-18.86,16,1,0,1
126.66,57678.12,2.9,73,9.3,100,204.0,107.0,414.8,95.65,71.8,39.91,43.99,268.39,26.92,56272.9,62017.91,64.11833333333334,196.0254166666667,57811.68833333333,54.86,-141.73,17,1,0,1
143.85,59942.59,2.0,79,9.8,100,35.0,6.0,49.7,101.47,126.66,71.8,39.91,349.82,26.32,57678.12,65445.76,78.98666666666666,187.4433333333333,57644.83833333334,17.189999999999998,-205.97,18,1,0,1
139.13,60896.06,1.0,82,6.5,100,0.0,0.0,0.0,49.43,143.85,126.66,71.8,326.74,25.0,59942.59,67087.43,94.22333333333331,179.62625,58012.86666666666,-4.719999999999999,-187.61,19,1,0,1
139.03,61346.48,0.6,84,7.9,99,0.0,0.0,0.0,70.06,139.13,143.85,126.66,392.0,22.14,60896.06,67749.16,110.06333333333333,169.08583333333334,58732.04833333333,-0.09999999999999432,-252.97,20,1,0,1
138.01,61018.5,0.0,84,8.3,1,0.0,0.0,0.0,69.63,139.03,139.13,143.85,450.0,21.71,61346.48,67697.5,126.41333333333334,156.08624999999998,59525.775,-1.0200000000000102,-311.99,21,1,0,0
151.72,59897.17,-1.9,84,4.8,41,0.0,0.0,0.0,31.44,138.01,139.03,139.13,492.88,20.03,61018.5,66566.69,139.73333333333335,141.87125,60129.82,13.710000000000008,-341.15999999999997,22,1,0,0
141.81,58952.62,-2.3,85,5.3,50,0.0,0.0,0.0,41.92,151.72,138.01,139.03,295.48,18.66,59897.17,65906.25,142.25833333333333,135.46833333333333,60342.236666666664,-9.909999999999997,-153.67000000000002,23,1,0,0
93.91,58381.28,-1.8,89,4.3,48,0.0,0.0,0.0,24.87,141.81,151.72,138.01,154.17,16.94,58952.62,65659.64,133.935,132.9575,60082.01833333333,-47.900000000000006,-60.25999999999999,0,2,0,0
100.83,58365.94,-2.5,89,3.5,79,0.0,0.0,0.0,25.08,93.91,141.81,151.72,156.14,17.05,58381.28,65820.16,127.55166666666668,130.65291666666664,59660.33166666667,6.920000000000002,-55.30999999999999,1,2,0,0
93.41,58635.75,-2.0,89,1.3,25,0.0,0.0,0.0,6.57,100.83,93.91,141.81,165.76,16.72,58365.94,66058.54,119.94833333333332,127.63833333333334,59208.543333333335,-7.420000000000002,-72.35,2,2,0,0
100.82,59718.39,-2.9,91,0.9,0,0.0,0.0,0.0,0.87,93.41,100.83,93.91,174.28,17.14,58635.75,66640.41,113.75,124.57749999999999,58991.85833333334,7.409999999999997,-73.46000000000001,3,2,0,0
125.89,61333.21,-3.6,95,2.0,0,0.0,0.0,0.0,10.38,100.82,93.41,100.83,187.83,18.5,59718.39,67917.51,109.445,121.99666666666667,59231.198333333334,25.070000000000007,-61.94000000000001,4,2,0,0
175.0,63709.13,-3.8,95,3.1,0,0.0,0.0,0.0,19.29,125.89,100.82,93.41,271.84,22.16,61333.21,69966.84,114.97666666666667,117.96166666666666,60023.950000000004,49.11,-96.83999999999997,5,2,0,0
138.15,66448.83,-3.3,93,2.5,3,0.0,0.0,0.0,13.72,175.0,125.89,100.82,214.15,27.62,63709.13,72584.44,122.35000000000001,114.795,61368.541666666664,-36.849999999999994,-76.0,6,2,0,0
147.11,67937.61,-4.1,95,4.7,30,0.0,0.0,0.0,25.86,138.15,175.0,125.89,253.89,31.26,66448.83,74317.7,130.06333333333333,110.34583333333332,62963.82,8.960000000000008,-106.77999999999997,7,2,0,0
92.98,66926.79,-2.9,97,4.5,100,14.0,6.0,67.7,27.16,147.11,138.15,175.0,160.58,28.9,67937.61,73180.59,129.99166666666667,107.52916666666665,64345.659999999996,-54.13000000000001,-67.60000000000001,8,2,0,0
74.71,64571.85,-2.0,99,5.3,100,127.0,50.0,251.0,42.21,92.98,147.11,138.15,106.71,22.6,66926.79,69972.44,125.63999999999999,106.19583333333333,65154.57,-18.27000000000001,-32.0,9,2,0,0
48.94,60996.62,-0.6,94,6.6,100,281.0,119.0,321.8,64.69,74.71,92.98,147.11,86.06,21.96,64571.85,66562.02,112.815,104.64916666666666,65098.47166666667,-25.769999999999996,-37.120000000000005,10,2,0,0
40.04,57719.99,2.2,78,5.0,46,475.0,304.0,603.5,59.15,48.94,74.71,92.98,81.57,21.24,60996.62,63405.58,90.32166666666666,102.91875,64100.28166666667,-8.899999999999999,-41.529999999999994,11,2,0,0
30.83,55094.02,4.1,77,2.8,6,619.0,484.0,817.7,45.54,40.04,48.94,74.71,54.64,21.18,57719.99,60943.69,72.435,101.92666666666666,62207.81333333333,-9.21,-23.810000000000002,12,2,0,0
24.29,53318.71,5.5,70,5.8,3,675.0,559.0,889.6,71.65,30.83,40.04,48.94,47.71,21.86,55094.02,58687.89,51.964999999999996,100.95083333333332,59771.329999999994,-6.539999999999999,-23.42,13,2,0,0
23.13,51865.16,6.4,65,2.0,0,655.0,553.0,905.7,42.38,24.29,30.83,40.04,43.99,20.8,53318.71,57031.39,40.32333333333333,100.08166666666666,57261.05833333334,-1.1600000000000001,-20.860000000000003,14,2,0,1
20.23,51257.82,6.9,64,2.0,2,567.0,475.0,880.1,38.67,23.13,24.29,30.83,39.91,20.32,51865.16,56256.14,31.24333333333333,99.26166666666667,55042.05333333332,-2.8999999999999986,-19.679999999999996,15,2,0,1
37.27,51403.08,6.9,64,4.7,0,420.0,339.0,805.8,53.25,20.23,23.13,24.29,71.8,26.06,51257.82,56272.9,29.298333333333332,97.82291666666667,53443.13,17.040000000000003,-34.529999999999994,16,2,0,1
101.15,52231.5,6.3,68,2.3,7,232.0,172.0,657.6,25.31,37.27,20.23,23.13,126.66,44.83,51403.08,57678.12,39.483333333333334,96.76,52528.38166666666,63.88,-25.50999999999999,17,2,0,1
70.72,55109.84,5.3,70,3.4,62,51.0,31.0,253.3,23.86,101.15,37.27,20.23,143.85,47.08,52231.5,59942.59,46.13166666666666,93.71291666666667,52531.01833333333,-30.430000000000007,-73.13,18,2,0,1
66.6,56943.39,4.7,72,8.0,70,0.0,0.0,0.0,69.26,70.72,101.15,37.27,139.13,45.83,55109.84,60896.06,53.18333333333334,90.69083333333333,53135.131666666675,-4.1200000000000045,-72.53,19,2,0,1
60.85,58137.26,4.1,73,8.6,98,0.0,0.0,0.0,75.45,66.6,70.72,101.15,139.03,42.5,56943.39,61346.48,59.47,87.43333333333334,54180.48166666666,-5.749999999999993,-78.18,20,2,0,1
51.33,58615.75,3.3,75,10.1,33,0.0,0.0,0.0,91.31,60.85,66.6,70.72,138.01,36.03,58137.26,61018.5,64.65333333333332,83.82166666666666,55406.80333333332,-9.520000000000003,-86.67999999999999,21,2,0,0
60.83,57967.03,2.9,77,10.1,9,0.0,0.0,0.0,97.58,51.33,60.85,66.6,151.72,31.35,58615.75,59897.17,68.58,80.03458333333334,56500.795000000006,9.5,-90.89,22,2,0,0
60.56,56918.62,2.5,79,9.9,23,0.0,0.0,0.0,94.07,60.83,51.33,60.85,141.81,28.8,57967.03,58952.62,61.815000000000005,76.64916666666666,57281.98166666667,-0.269999999999996,-81.25,23,2,0,0
38.49,56236.51,2.0,80,9.8,81,0.0,0.0,0.0,92.85,60.56,60.83,51.33,93.91,29.84,56918.62,58381.28,56.44333333333333,74.34,57469.76,-22.07,-55.419999999999995,0,3,0,0
39.8,56119.87,2.0,81,9.0,96,0.0,0.0,0.0,77.17,38.49,60.56,60.83,100.83,29.79,56236.51,58365.94,51.97666666666666,71.79708333333333,57332.506666666675,1.3099999999999952,-61.03,1,3,0,0
40.64,56271.55,2.0,81,8.8,99,0.0,0.0,0.0,75.07,39.8,38.49,60.56,93.41,29.69,56119.87,58635.75,48.60833333333333,69.59833333333334,57021.555,0.8400000000000034,-52.769999999999996,2,3,0,0
41.59,56788.73,2.1,82,9.5,100,0.0,0.0,0.0,91.0,40.64,39.8,38.49,100.82,30.84,56271.55,59718.39,46.98499999999999,67.13041666666666,56717.05166666667,0.9500000000000028,-59.22999999999999,3,3,0,0
47.24,58294.79,2.2,83,10.3,63,0.0,0.0,0.0,99.05,41.59,40.64,39.8,125.89,31.49,56788.73,61333.21,44.72,63.85333333333333,56771.67833333334,5.649999999999999,-78.65,4,3,0,0
67.38,61011.4,2.0,84,12.6,51,0.0,0.0,0.0,126.75,47.24,41.59,40.64,175.0,37.63,58294.79,63709.13,45.85666666666666,59.36916666666667,57453.80833333334,20.139999999999993,-107.62,5,3,0,0
77.27,64614.02,2.5,80,12.6,65,0.0,0.0,0.0,124.79,67.38,47.24,41.59,138.15,45.85,61011.4,66448.83,52.32,56.8325,58850.06,9.89,-60.88000000000001,6,3,0,0
89.11,65853.83,2.7,80,13.5,23,0.0,0.0,0.0,124.8,77.27,67.38,47.24,147.11,51.49,64614.02,67937.61,60.538333333333334,54.41583333333333,60472.386666666665,11.840000000000003,-58.000000000000014,7,3,0,0
50.62,63878.85,3.0,80,14.7,78,16.0,8.0,89.1,128.32,89.11,77.27,67.38,92.98,44.52,65853.83,66926.79,62.20166666666666,52.65083333333334,61740.27,-38.49,-42.36000000000001,8,3,0,0
37.55,60405.61,4.7,75,15.2,77,148.0,79.0,391.7,130.56,50.62,89.11,77.27,74.71,30.01,63878.85,64571.85,61.528333333333336,51.1025,62343.083333333336,-13.07,-37.16,9,3,0,0
28.3,57089.14,6.6,71,9.9,48,346.0,262.0,703.2,111.04,37.55,50.62,89.11,48.94,27.56,60405.61,60996.62,58.37166666666667,50.2425,62142.14166666666,-9.249999999999996,-20.639999999999997,10,3,0,0
18.21,54024.93,8.4,66,14.9,2,512.0,423.0,834.5,148.92,28.3,37.55,50.62,40.04,26.17,57089.14,57719.99,50.17666666666667,49.33291666666667,60977.73,-10.09,-21.83,11,3,0,0
13.0,51628.99,10.1,60,12.8,34,625.0,532.0,893.6,154.65,18.21,28.3,37.55,30.83,24.25,54024.93,55094.02,39.464999999999996,48.59,58813.55833333334,-5.210000000000001,-17.83,12,3,0,0
13.44,50128.13,11.8,55,12.6,34,672.0,575.0,909.8,157.38,13.0,18.21,28.3,24.29,23.53,51628.99,53318.71,26.853333333333335,48.137916666666676,56192.60833333334,0.4399999999999995,-10.85,13,3,0,0
11.42,49247.57,12.2,49,17.0,1,650.0,557.0,906.7,157.87,13.44,13.0,18.21,23.13,22.85,50128.13,51865.16,20.319999999999997,47.65,53754.06166666667,-2.0199999999999996,-11.709999999999999,14,3,0,1
12.62,49025.94,10.1,53,18.8,0,562.0,475.0,873.9,151.37,11.42,13.44,13.0,20.23,24.32,49247.57,51257.82,16.165000000000003,47.33291666666667,51857.450000000004,1.1999999999999993,-7.610000000000001,15,3,0,1
20.25,49482.07,8.6,57,17.6,10,419.0,341.0,803.4,149.42,12.62,11.42,13.44,37.27,29.13,49025.94,51403.08,14.823333333333332,46.62375,50589.605,7.630000000000001,-17.020000000000003,16,3,0,1
36.94,51241.45,7.2,61,18.8,17,234.0,174.0,656.2,133.72,20.25,12.62,11.42,101.15,39.39,49482.07,52231.5,17.945,43.94833333333333,50125.69166666667,16.689999999999998,-64.21000000000001,17,3,0,1
40.3,54047.79,8.2,58,16.9,18,53.0,31.0,249.6,126.8,36.94,20.25,12.62,70.72,35.52,51241.45,55109.84,22.495,42.68083333333333,50528.825000000004,3.3599999999999994,-30.42,18,3,0,1
52.02,55430.55,5.8,64,18.4,30,0.0,0.0,0.0,123.39,40.3,36.94,20.25,66.6,32.61,54047.79,56943.39,28.925,42.07333333333334,51412.56166666667,11.720000000000006,-14.579999999999991,19,3,0,1
56.8,55830.76,4.3,68,18.6,45,0.0,0.0,0.0,129.05,52.02,40.3,36.94,60.85,29.95,55430.55,58137.26,36.48833333333333,41.904583333333335,52509.76,4.779999999999994,-4.050000000000004,20,3,0,1
63.95,55461.65,3.2,72,17.7,47,0.0,0.0,0.0,125.3,56.8,52.02,40.3,51.33,28.17,55830.76,58615.75,45.04333333333333,42.430416666666666,53582.378333333334,7.150000000000006,12.620000000000005,21,3,0,0
84.89,54312.25,2.3,76,15.5,41,0.0,0.0,0.0,127.8,63.95,56.8,52.02,60.83,27.21,55461.65,57967.03,55.81666666666666,43.432916666666664,54387.40833333333,20.939999999999998,24.060000000000002,22,3,0,0
87.93,53055.16,1.6,79,16.1,63,0.0,0.0,0.0,120.25,84.89,63.95,56.8,60.56,25.21,54312.25,56918.62,64.315,44.57333333333333,54689.69333333333,3.0400000000000063,27.370000000000005,23,3,0,0
60.44,52349.67,1.9,76,13.7,22,0.0,0.0,0.0,125.51,87.93,84.89,63.95,38.49,34.24,53055.16,56236.51,67.67166666666667,45.48791666666667,54406.67333333333,-27.49000000000001,21.949999999999996,0,4,0,0
75.68,52172.98,1.2,77,14.1,89,0.0,0.0,0.0,127.38,60.44,87.93,84.89,39.8,33.02,52349.67,56119.87,71.61500000000001,46.982916666666675,53863.745,15.240000000000009,35.88000000000001,1,4,0,0
80.74,52364.18,0.7,77,12.6,91,0.0,0.0,0.0,124.95,75.68,60.44,87.93,40.64,34.37,52172.98,56271.55,75.605,48.65375,53285.98166666667,5.059999999999988,40.099999999999994,2,4,0,0
85.29,53207.94,0.2,78,11.3,98,0.0,0.0,0.0,117.15,80.74,75.68,60.44,41.59,29.92,52364.18,56788.73,79.16166666666668,50.474583333333335,52910.363333333335,4.550000000000011,43.7,3,4,0,0
101.14,55046.6,-0.3,78,11.5,76,0.0,0.0,0.0,115.44,85.29,80.74,75.68,47.24,31.71,53207.94,58294.79,81.87,52.720416666666665,53032.755,15.849999999999994,53.9,4,4,0,0
110.15,57930.11,-0.7,79,11.5,100,0.0,0.0,0.0,121.22,101.14,85.29,80.74,67.38,34.45,55046.6,61011.4,85.57333333333332,54.5025,53845.246666666666,9.010000000000005,42.77000000000001,5,4,0,0
126.38,62152.55,-1.2,80,12.0,99,0.0,0.0,0.0,131.6,110.15,101.14,85.29,77.27,40.14,57930.11,64614.02,96.56333333333333,56.54874999999999,55479.060000000005,16.22999999999999,49.11,6,4,0,0
144.36,64289.54,-1.5,79,12.1,100,0.0,0.0,0.0,123.62,126.38,110.15,101.14,89.11,39.67,62152.55,65853.83,108.00999999999999,58.850833333333334,57498.486666666664,17.980000000000018,55.250000000000014,7,4,0,0
79.48,64353.53,-1.4,79,11.8,100,15.0,3.0,33.0,121.02,144.36,126.38,110.15,50.62,43.13,64289.54,63878.85,107.8,60.053333333333335,59496.71166666667,-64.88000000000001,28.860000000000007,8,4,0,0
43.56,63780.48,-0.3,74,11.5,98,147.0,71.0,347.6,128.71,79.48,144.36,126.38,37.55,53.52,64353.53,60405.61,100.84500000000001,60.30375,61258.801666666666,-35.92,6.010000000000005,9,4,0,0
37.93,61977.14,1.1,69,11.2,9,347.0,258.0,687.0,134.54,43.56,79.48,144.36,28.3,41.93,63780.48,57089.14,90.31,60.705000000000005,62413.89166666667,-5.630000000000003,9.629999999999999,10,4,0,0
33.1,59883.5,2.8,65,9.8,0,516.0,425.0,833.1,116.27,37.93,43.56,79.48,18.21,39.61,61977.14,54024.93,77.46833333333333,61.32541666666666,62739.456666666665,-4.829999999999998,14.89,11,4,0,0
30.0,57847.52,4.9,57,10.2,0,624.0,527.0,880.0,127.67,33.1,37.93,43.56,13.0,33.55,59883.5,51628.99,61.405,62.03375,62021.95166666666,-3.1000000000000014,17.0,12,4,0,0
25.37,56317.15,6.2,54,10.1,0,671.0,572.0,899.8,129.0,30.0,33.1,37.93,13.44,38.85,57847.52,50128.13,41.57333333333333,62.530833333333334,60693.22,-4.629999999999999,11.930000000000001,13,4,0,0
22.75,55124.53,7.2,53,9.7,0,649.0,551.0,891.3,119.05,25.37,30.0,33.1,11.42,38.23,56317.15,49247.57,32.11833333333333,63.00291666666667,59155.05333333332,-2.620000000000001,11.33,14,4,0,1
16.67,54260.69,7.7,51,9.0,0,561.0,469.0,856.8,106.29,22.75,25.37,30.0,12.62,36.45,55124.53,49025.94,27.636666666666667,63.17166666666666,57568.42166666667,-6.079999999999998,4.0500000000000025,15,4,0,1
24.68,54665.1,7.6,51,8.5,0,417.0,336.0,784.6,92.18,16.67,22.75,25.37,20.25,37.94,54260.69,49482.07,25.428333333333338,63.356249999999996,56349.74833333333,8.009999999999998,4.43,16,4,0,1
48.19,56102.65,7.0,54,8.0,0,233.0,171.0,636.1,77.23,24.68,16.67,22.75,36.94,31.49,54665.1,51241.45,27.94333333333333,63.82500000000001,55719.60666666667,23.509999999999998,11.25,17,4,0,1
70.0,57957.67,5.4,68,4.6,0,54.0,32.0,254.0,32.19,48.19,24.68,16.67,40.3,34.16,56102.65,54047.79,34.61,65.0625,55737.965000000004,21.810000000000002,29.700000000000003,18,4,0,1
69.24,58901.25,5.0,66,6.3,0,0.0,0.0,0.0,48.14,70.0,48.19,24.68,52.02,41.29,57957.67,55430.55,41.92166666666666,65.78,56168.64833333334,-0.7600000000000051,17.21999999999999,19,4,0,1
64.18,59689.02,4.4,66,7.6,0,0.0,0.0,0.0,67.51,69.24,70.0,48.19,56.8,43.4,58901.25,55830.76,48.82666666666666,66.0875,56929.39666666666,-5.059999999999988,7.38000000000001,20,4,0,1
50.83,59992.19,3.8,67,9.0,14,0.0,0.0,0.0,78.0,64.18,69.24,70.0,63.95,46.72,59689.02,55461.65,54.52,65.54083333333334,57884.64666666666,-13.350000000000009,-13.120000000000005,21,4,0,0
54.05,59575.11,3.0,68,13.6,59,0.0,0.0,0.0,127.66,50.83,64.18,69.24,84.89,47.24,59992.19,54312.25,59.41499999999999,64.25583333333334,58702.98166666667,3.219999999999999,-30.840000000000003,22,4,0,0
45.05,59034.77,1.4,66,16.6,73,0.0,0.0,0.0,124.07,54.05,50.83,64.18,87.93,47.61,59575.11,53055.16,58.89166666666666,62.469166666666666,59191.66833333333,-9.0,-42.88000000000001,23,4,0,0
57.32,58989.87,0.9,62,17.2,22,0.0,0.0,0.0,124.56,45.05,54.05,50.83,60.44,51.44,59034.77,52349.67,56.778333333333336,62.33916666666667,59363.70166666666,12.270000000000003,-3.1199999999999974,0,5,1,0
58.59,59127.43,0.2,63,18.4,10,0.0,0.0,0.0,126.73,57.32,45.05,54.05,75.68,54.54,58989.87,52172.98,55.00333333333334,61.62708333333333,59401.39833333334,1.2700000000000031,-17.090000000000003,1,5,1,0
62.78,60007.91,-0.9,65,17.1,13,0.0,0.0,0.0,121.34,58.59,57.32,45.05,80.74,55.48,59127.43,52364.18,54.77,60.87875,59454.54666666667,4.189999999999998,-17.959999999999994,2,5,1,0
64.58,60724.86,-1.5,67,16.6,10,0.0,0.0,0.0,125.85,62.78,58.59,57.32,85.29,57.96,60007.91,53207.94,57.06166666666667,60.015833333333326,59576.65833333333,1.7999999999999972,-20.710000000000008,3,5,1,0
71.36,61948.79,-2.3,67,18.8,33,0.0,0.0,0.0,125.21,64.58,62.78,58.59,101.14,63.9,60724.86,55046.6,59.946666666666665,58.775000000000006,59972.27166666667,6.780000000000001,-29.78,4,5,1,0
113.81,63984.08,-4.3,59,20.7,100,0.0,0.0,0.0,126.19,71.36,64.58,62.78,110.15,73.87,61948.79,57930.11,71.40666666666667,58.9275,60797.15666666667,42.45,3.6599999999999966,5,5,1,0
95.11,66580.61,-4.6,60,17.7,88,0.0,0.0,0.0,125.58,113.81,71.36,64.58,126.38,84.2,63984.08,62152.55,77.705,57.62458333333334,62062.280000000006,-18.700000000000003,-31.269999999999996,6,5,1,0
121.06,68972.78,-6.4,60,15.7,2,0.0,0.0,0.0,132.07,95.11,113.81,71.36,144.36,95.43,66580.61,64289.54,88.11666666666667,56.65375,63703.17166666666,25.950000000000003,-23.30000000000001,7,5,1,0
89.79,69831.83,-7.4,60,15.1,0,18.0,9.0,97.6,123.69,121.06,95.11,113.81,79.48,128.66,68972.78,64353.53,92.61833333333334,57.083333333333336,65340.49166666667,-31.269999999999996,10.310000000000002,8,5,1,0
53.84,69201.61,-7.2,58,14.9,0,173.0,120.0,580.0,131.76,89.79,121.06,95.11,43.56,154.21,69831.83,63780.48,90.82833333333333,57.51166666666666,66753.28333333334,-35.95,10.280000000000001,9,5,1,0
49.9,67336.61,-6.0,55,12.4,2,367.0,287.0,758.2,141.19,53.84,89.79,121.06,37.93,161.28,69201.61,61977.14,87.25166666666667,58.010416666666664,67651.25333333333,-3.940000000000005,11.969999999999999,10,5,1,0
46.42,65035.65,-4.6,54,10.4,0,532.0,440.0,857.0,125.55,49.9,53.84,89.79,33.1,165.35,67336.61,59883.5,76.02,58.56541666666667,67826.515,-3.479999999999997,13.32,11,5,1,0
38.76,62663.51,-3.6,49,9.3,1,643.0,544.0,903.0,115.32,46.42,49.9,53.84,30.0,175.0,65035.65,57847.52,66.62833333333333,58.93041666666667,67173.665,-7.660000000000004,8.759999999999998,12,5,1,0
33.73,60360.8,-2.5,50,8.3,17,688.0,589.0,921.0,109.7,38.76,46.42,49.9,25.37,173.72,62663.51,56317.15,52.07333333333333,59.27875,65738.335,-5.030000000000001,8.359999999999996,13,5,1,0
27.55,58352.12,-1.6,52,7.7,21,664.0,564.0,906.7,101.56,33.73,38.76,46.42,22.75,179.37,60360.8,55124.53,41.699999999999996,59.47875,63825.049999999996,-6.179999999999996,4.800000000000001,14,5,1,1
25.36,57608.82,-1.1,51,8.1,5,577.0,485.0,879.7,96.3,27.55,33.73,38.76,16.67,191.94,58352.12,54260.69,36.95333333333333,59.840833333333336,61892.918333333335,-2.1900000000000013,8.689999999999998,15,5,1,1
29.65,57990.72,-0.8,52,7.8,1,432.0,356.0,824.0,84.46,25.36,27.55,33.73,24.68,222.86,57608.82,54665.1,33.57833333333333,60.04791666666667,60335.27,4.289999999999999,4.969999999999999,16,5,1,1
65.72,59713.61,-1.1,54,6.8,2,242.0,180.0,660.6,66.71,29.65,25.36,27.55,48.19,274.24,57990.72,56102.65,36.794999999999995,60.778333333333336,59448.263333333336,36.07,17.53,17,5,1,1
75.99,62307.88,-1.3,59,2.6,16,57.0,34.0,266.1,13.77,65.72,29.65,25.36,70.0,344.59,59713.61,57957.67,43.0,61.02791666666667,59388.99166666667,10.269999999999996,5.989999999999995,18,5,1,1
73.73,63631.14,-1.9,63,2.0,25,0.0,0.0,0.0,10.38,75.99,65.72,29.65,69.24,274.5,62307.88,58901.25,49.666666666666664,61.214999999999996,59934.04833333333,-2.259999999999991,4.490000000000009,19,5,1,1
70.0,64358.55,-2.2,66,2.6,95,0.0,0.0,0.0,13.19,73.73,75.99,65.72,64.18,296.82,63631.14,59689.02,56.74166666666667,61.4575,60935.12,-3.730000000000004,5.819999999999993,20,5,1,1
67.1,64639.07,-1.5,57,1.8,100,0.0,0.0,0.0,2.7,70.0,73.73,75.99,50.83,309.85,64358.55,59992.19,63.69833333333332,62.135416666666664,62106.82833333333,-2.9000000000000057,16.269999999999996,21,5,1,0
92.91,64593.14,-1.5,55,1.5,100,0.0,0.0,0.0,10.15,67.1,70.0,73.73,54.05,414.68,64639.07,59575.11,74.24166666666666,63.754583333333336,63207.23166666667,25.810000000000002,38.86,22,5,1,0
72.99,64131.49,-1.5,55,2.7,10,0.0,0.0,0.0,18.7,92.91,67.1,70.0,45.05,325.07,64593.14,59034.77,75.45333333333333,64.91875,63943.54499999999,-19.92,27.939999999999998,23,5,1,0
60.05,63439.18,-2.8,67,0.6,99,0.0,0.0,0.0,0.0,72.99,92.91,67.1,57.32,428.82,64131.49,58989.87,72.79666666666667,65.0325,64132.094999999994,-12.939999999999998,2.729999999999997,0,6,1,0
63.69,62945.58,-2.5,56,2.2,68,0.0,0.0,0.0,8.63,60.05,72.99,92.91,58.59,437.31,63439.18,59127.43,71.12333333333333,65.24499999999999,64017.835,3.6400000000000006,5.099999999999994,1,6,1,0
63.04,63038.45,-2.8,67,0.7,2,0.0,0.0,0.0,2.61,63.69,60.05,72.99,62.78,417.34,62945.58,60007.91,69.96333333333332,65.25583333333334,63797.81833333333,-0.6499999999999986,0.259999999999998,2,6,1,0
64.44,63266.15,-3.3,64,1.6,27,0.0,0.0,0.0,7.07,63.04,63.69,60.05,64.58,454.38,63038.45,60724.86,69.52,65.25,63568.99833333333,1.3999999999999986,-0.14000000000000057,3,6,1,0
74.42,63938.2,-3.3,58,2.6,0,0.0,0.0,0.0,14.55,64.44,63.04,63.69,71.36,454.76,63266.15,61948.79,66.43833333333333,65.3775,63459.84166666667,9.980000000000004,3.0600000000000023,4,6,1,0
75.39,65688.14,-3.5,57,5.9,0,0.0,0.0,0.0,49.02,74.42,64.44,63.04,113.81,500.0,63938.2,63984.08,66.83833333333332,63.776666666666664,63719.28333333333,0.9699999999999989,-38.42,5,6,1,0
81.6,67914.71,-3.8,59,5.4,0,0.0,0.0,0.0,37.11,75.39,74.42,64.44,95.11,364.92,65688.14,66580.61,70.43,63.21375,64465.20500000001,6.209999999999994,-13.510000000000005,6,6,1,0
69.27,69578.34,-4.4,59,7.2,0,0.0,0.0,0.0,55.56,81.6,75.39,74.42,121.06,401.68,67914.71,68972.78,71.36,61.05583333333333,65570.665,-12.329999999999998,-51.790000000000006,7,6,1,0
43.53,69402.5,-4.1,56,6.9,0,19.0,9.0,96.3,51.19,69.27,81.6,75.39,89.79,441.82,69578.34,69831.83,68.10833333333333,59.12833333333333,66631.34,-25.739999999999995,-46.260000000000005,8,6,1,0
28.76,67172.32,-2.0,46,5.0,0,170.0,118.0,562.9,39.85,43.53,69.27,81.6,53.84,493.41,69402.5,69201.61,62.16166666666666,58.083333333333336,67282.36833333333,-14.77,-25.080000000000002,9,6,1,0
25.18,63809.17,0.6,36,6.9,0,363.0,287.0,752.1,72.43,28.76,43.53,69.27,49.9,500.0,67172.32,67336.61,53.95499999999999,57.053333333333335,67260.86333333334,-3.580000000000002,-24.72,10,6,1,0
25.36,60429.21,2.8,29,9.3,0,526.0,438.0,847.5,116.77,25.18,28.76,43.53,46.42,500.0,63809.17,65035.65,45.61666666666667,56.17583333333332,66384.375,0.17999999999999972,-21.060000000000002,11,6,1,0
22.99,57446.62,4.8,37,9.2,0,636.0,543.0,895.9,113.96,25.36,25.18,28.76,38.76,453.34,60429.21,62663.51,35.848333333333336,55.51874999999999,64639.69333333333,-2.370000000000001,-15.77,12,6,1,0
19.76,54908.15,6.1,40,9.5,0,684.0,588.0,914.0,122.71,22.99,25.36,25.18,33.73,467.4,57446.62,60360.8,27.596666666666664,54.93666666666666,62194.661666666674,-3.229999999999997,-13.969999999999995,13,6,1,0
12.21,52810.28,7.3,41,9.4,0,664.0,570.0,910.6,119.61,19.76,22.99,25.36,27.55,432.15,54908.15,58352.12,22.376666666666665,54.29749999999999,59429.291666666664,-7.550000000000001,-15.34,14,6,1,1
8.38,51694.84,8.2,42,8.0,0,577.0,488.0,878.9,100.3,12.21,19.76,22.99,25.36,329.72,52810.28,57608.82,18.98,53.59,56849.71166666667,-3.83,-16.979999999999997,15,6,1,1
12.2,51634.84,8.6,42,8.6,0,431.0,352.0,807.5,104.79,8.38,12.21,19.76,29.65,361.9,51694.84,57990.72,16.816666666666666,52.862916666666656,54820.656666666655,3.8199999999999985,-17.45,16,6,1,1
37.91,53250.71,8.1,48,6.8,0,246.0,184.0,666.3,63.9,12.2,8.38,12.21,65.72,500.0,51634.84,59713.61,18.908333333333335,51.70416666666666,53624.24,25.709999999999997,-27.810000000000002,17,6,1,1
44.15,56381.86,7.2,53,9.3,0,61.0,37.0,285.5,86.67,37.91,12.2,8.38,75.99,500.0,53250.71,62307.88,22.435000000000002,50.3775,53446.78,6.240000000000002,-31.839999999999996,18,6,1,1
36.38,58166.82,6.0,54,11.1,0,0.0,0.0,0.0,114.08,44.15,37.91,12.2,73.73,500.0,56381.86,63631.14,25.205000000000002,48.82124999999999,53989.89166666666,-7.769999999999996,-37.35,19,6,1,1
27.41,59027.0,5.0,57,11.8,0,0.0,0.0,0.0,123.65,36.38,44.15,37.91,70.0,500.0,58166.82,64358.55,27.738333333333333,47.046666666666674,55026.011666666665,-8.970000000000002,-42.59,20,6,1,1
24.42,59054.2,4.5,60,11.7,0,0.0,0.0,0.0,125.6,27.41,36.38,44.15,67.1,500.0,59027.0,64639.07,30.411666666666665,45.26833333333334,56252.57166666666,-2.9899999999999984,-42.67999999999999,21,6,1,0
22.74,57725.54,4.2,62,11.9,0,0.0,0.0,0.0,124.9,24.42,27.41,36.38,92.91,500.0,59054.2,64593.14,32.16833333333334,42.34458333333333,57267.68833333333,-1.6800000000000033,-70.17,22,6,1,0
24.13,56214.19,4.2,65,11.7,0,0.0,0.0,0.0,118.98,22.74,24.42,27.41,72.99,500.0,57725.54,64131.49,29.87166666666667,40.308749999999996,57761.60166666666,1.3900000000000006,-48.86,23,6,1,0
23.36,55194.99,3.8,66,11.2,0,0.0,0.0,0.0,114.22,24.13,22.74,24.42,60.05,500.0,56214.19,63439.18,26.406666666666666,38.78,57563.79,-0.7699999999999996,-36.69,0,0,0,0
24.11,54668.85,3.8,69,10.5,0,0.0,0.0,0.0,105.4,23.36,24.13,22.74,63.69,500.0,55194.99,62945.58,24.361666666666665,37.130833333333335,56980.795000000006,0.75,-39.58,1,0,0,0
24.07,55084.73,3.5,72,10.5,0,0.0,0.0,0.0,104.53,24.11,23.36,24.13,63.04,500.0,54668.85,63038.45,23.805000000000003,35.507083333333334,56323.75,-0.03999999999999915,-38.97,2,0,0,0
24.93,55736.16,3.3,75,9.6,0,0.0,0.0,0.0,90.76,24.07,24.11,23.36,64.44,500.0,55084.73,63266.15,23.89,33.86083333333334,55770.74333333334,0.8599999999999994,-39.51,3,0,0,0
25.84,57127.89,3.2,78,9.4,0,0.0,0.0,0.0,89.66,24.93,24.07,24.11,74.42,500.0,55736.16,63938.2,24.406666666666666,31.836666666666662,55671.135,0.9100000000000001,-48.58,4,0,0,0
32.85,59978.72,3.1,79,9.4,0,0.0,0.0,0.0,89.97,25.84,24.93,24.07,75.39,500.0,57127.89,65688.14,25.86,30.064166666666665,56298.55666666667,7.010000000000002,-42.54,5,0,0,0
31.96,63922.06,3.3,79,9.2,0,0.0,0.0,0.0,87.86,32.85,25.84,24.93,81.6,500.0,59978.72,67914.71,27.293333333333337,27.995833333333334,57753.068333333336,-0.8900000000000006,-49.63999999999999,6,0,0,0
33.96,65004.99,3.0,82,9.0,0,0.0,0.0,0.0,82.95,31.96,32.85,25.84,69.27,500.0,63922.06,69578.34,28.935000000000002,26.524583333333336,59475.75833333333,2.0,-35.309999999999995,7,0,0,0
23.86,62636.68,3.0,83,10.1,36,20.0,10.0,105.5,96.79,33.96,31.96,32.85,43.53,500.0,65004.99,69402.5,28.900000000000002,25.705000000000002,60734.416666666664,-10.100000000000001,-19.67,8,0,0,0
15.0,59329.91,5.0,80,10.5,98,174.0,121.0,569.5,111.21,23.86,33.96,31.96,28.76,459.14,62636.68,67172.32,27.245,25.13166666666667,61333.375,-8.86,-13.760000000000002,9,0,0,0
3.77,56425.86,7.4,71,8.5,88,362.0,281.0,730.3,96.06,15.0,23.86,33.96,25.18,222.21,59329.91,63809.17,23.566666666666666,24.239583333333332,61216.37,-11.23,-21.41,10,0,0,0
1.93,53930.64,10.1,62,9.1,90,526.0,435.0,836.1,106.2,3.77,15.0,23.86,25.36,167.02,56425.86,60429.21,18.413333333333334,23.263333333333332,60208.35666666667,-1.84,-23.43,11,0,0,0
1.6,51946.47,14.9,55,9.8,2,634.0,533.0,874.1,124.84,1.93,3.77,15.0,22.99,170.34,53930.64,57446.62,13.353333333333333,22.372083333333336,58212.424999999996,-0.32999999999999985,-21.389999999999997,12,0,0,0
1.35,50781.07,16.9,51,11.4,100,681.0,586.0,905.5,148.34,1.6,1.93,3.77,19.76,147.46,51946.47,54908.15,7.918333333333333,21.605,55841.77166666667,-0.25,-18.41,13,0,0,0
1.0,49993.35,18.3,48,13.5,100,649.0,532.0,844.5,157.24,1.35,1.6,1.93,12.21,116.34,50781.07,52810.28,4.108333333333333,21.137916666666666,53734.549999999996,-0.3500000000000001,-11.21,14,0,0,1
1.0,49657.48,18.7,46,15.2,100,541.0,395.0,706.4,155.59,1.0,1.35,1.6,8.38,114.77,49993.35,51694.84,1.7750000000000001,20.830416666666665,52122.47833333333,0.0,-7.380000000000001,15,0,0,1
4.86,50153.51,18.4,50,15.9,100,394.0,259.0,589.0,144.98,1.0,1.0,1.35,12.2,90.66,49657.48,51634.84,1.956666666666667,20.524583333333332,51077.08666666667,3.8600000000000003,-7.339999999999999,16,0,0,1
21.78,51118.4,17.1,58,15.4,100,196.0,75.0,268.0,134.65,4.86,1.0,1.0,37.91,268.39,50153.51,53250.71,5.265000000000001,19.852500000000003,50608.380000000005,16.92,-16.129999999999995,17,0,0,1
26.0,52917.93,16.3,60,15.5,100,48.0,12.0,91.3,123.03,21.78,4.86,1.0,44.15,349.82,51118.4,56381.86,9.331666666666667,19.09625,50770.29,4.219999999999999,-18.15,18,0,0,1
26.26,53290.32,15.4,68,16.0,100,0.0,0.0,0.0,126.95,26.0,21.78,4.86,36.38,326.74,52917.93,58166.82,13.483333333333334,18.674583333333334,51188.49833333333,0.26000000000000156,-10.120000000000001,19,0,0,1
25.82,52663.46,14.8,70,14.4,100,0.0,0.0,0.0,126.64,26.26,26.0,21.78,27.41,392.0,53290.32,59027.0,17.62,18.608333333333334,51633.51666666666,-0.4400000000000013,-1.5899999999999999,20,0,0,1
23.59,51512.22,14.4,70,15.3,100,0.0,0.0,0.0,131.2,25.82,26.26,26.0,24.42,450.0,52663.46,59054.2,21.385,18.57375,51942.64000000001,-2.2300000000000004,-0.8300000000000018,21,0,0,0
21.88,49460.07,14.4,73,15.2,91,0.0,0.0,0.0,123.78,23.59,25.82,26.26,22.74,492.88,51512.22,57725.54,24.221666666666668,18.537916666666664,51827.06666666667,-1.7100000000000009,-0.8599999999999994,22,0,0,0
18.32,47278.96,13.7,78,14.4,86,0.0,0.0,0.0,125.37,21.88,23.59,25.82,24.13,295.48,49460.07,56214.19,23.645,18.295833333333334,51187.159999999996,-3.5599999999999987,-5.809999999999999,23,0,0,0
18.8,45660.03,13.9,79,13.7,81,0.0,0.0,0.0,125.46,18.32,21.88,23.59,23.36,154.17,47278.96,55194.99,22.445000000000004,18.105833333333333,49977.51,0.4800000000000004,-4.559999999999999,0,1,0,0
17.65,44577.99,14.0,85,13.4,100,0.0,0.0,0.0,129.44,18.8,18.32,21.88,24.11,156.14,45660.03,54668.85,21.01,17.83666666666667,48525.454999999994,-1.1500000000000021,-6.460000000000001,1,1,0,0
17.39,43996.36,14.5,89,13.5,100,0.0,0.0,0.0,124.42,17.65,18.8,18.32,24.07,165.76,44577.99,55084.73,19.605,17.558333333333334,47080.93833333333,-0.259999999999998,-6.68,2,1,0,0
17.5,43878.72,14.8,91,13.1,100,0.0,0.0,0.0,125.54,17.39,17.65,18.8,24.93,174.28,43996.36,55736.16,18.59,17.24875,45808.68833333333,0.10999999999999943,-7.43,3,1,0,0
19.08,44336.8,14.8,93,11.1,100,0.0,0.0,0.0,112.77,17.5,17.39,17.65,25.84,187.83,43878.72,57127.89,18.123333333333335,16.96708333333333,44954.81,1.5799999999999983,-6.760000000000002,4,1,0,0
23.86,46392.05,14.6,94,9.4,100,0.0,0.0,0.0,87.02,19.08,17.5,17.39,32.85,271.84,44336.8,59978.72,19.046666666666667,16.5925,44806.99166666667,4.780000000000001,-8.990000000000002,5,1,0,0
24.04,49628.35,14.2,95,7.5,90,0.0,0.0,0.0,60.28,23.86,19.08,17.5,31.96,214.15,46392.05,63922.06,19.919999999999998,16.2625,45468.378333333334,0.17999999999999972,-7.920000000000002,6,1,0,0
28.1,50931.37,14.4,93,7.3,91,0.0,0.0,0.0,59.75,24.04,23.86,19.08,33.96,253.89,49628.35,65004.99,21.661666666666665,16.018333333333334,46527.275,4.060000000000002,-5.859999999999999,7,1,0,0
24.13,50800.23,14.2,95,7.5,100,9.0,0.0,0.0,65.29,28.1,24.04,23.86,23.86,160.58,50931.37,62636.68,22.784999999999997,16.02958333333333,47661.253333333334,-3.9700000000000024,0.2699999999999996,8,1,0,0
20.23,50739.0,15.2,93,8.3,99,107.0,26.0,120.7,74.01,24.13,28.1,24.04,15.0,106.71,50800.23,59329.91,23.24,16.2475,48804.63333333333,-3.8999999999999986,5.23,9,1,0,0
16.13,50511.94,16.4,88,11.7,98,286.0,142.0,366.0,134.76,20.23,24.13,28.1,3.77,86.06,50739.0,56425.86,22.748333333333335,16.7625,49833.823333333334,-4.100000000000001,12.36,10,1,0,0
12.94,50212.32,17.0,81,14.5,96,398.0,224.0,427.6,142.51,16.13,20.23,24.13,1.93,81.57,50511.94,53930.64,20.92833333333333,17.22125,50470.535,-3.1899999999999995,11.01,11,1,0,0
9.87,49836.09,16.5,78,14.8,81,390.0,180.0,293.4,147.79,12.94,16.13,20.23,1.6,54.64,50212.32,51946.47,18.566666666666666,17.565833333333334,50505.15833333333,-3.0700000000000003,8.27,12,1,0,0
10.48,49431.19,16.9,72,11.3,8,513.0,272.0,417.8,135.04,9.87,12.94,16.13,1.35,47.71,49836.09,50781.07,15.63,17.946250000000003,50255.128333333334,0.6100000000000012,9.13,13,1,0,0
12.04,49036.17,17.6,64,12.2,0,578.0,429.0,676.8,151.93,10.48,9.87,12.94,1.0,43.99,49431.19,49993.35,13.615,18.40625,49961.11833333334,1.5599999999999987,11.04,14,1,0,1
14.4,48774.2,18.0,57,12.5,0,565.0,476.0,845.3,154.09,12.04,10.48,9.87,1.0,39.91,49036.17,49657.48,12.643333333333333,18.964583333333334,49633.65166666667,2.360000000000001,13.4,15,1,0,1
19.91,49219.73,17.5,47,14.6,0,424.0,344.0,775.4,150.6,14.4,12.04,10.48,4.86,71.8,48774.2,50153.51,13.273333333333333,19.591666666666665,49418.28333333333,5.51,15.05,16,1,0,1
35.74,49928.08,16.1,50,13.7,0,245.0,183.0,645.5,136.76,19.91,14.4,12.04,21.78,126.66,49219.73,51118.4,17.073333333333334,20.173333333333332,49370.91,15.830000000000002,13.96,17,1,0,1
47.32,51442.17,14.4,52,12.5,0,64.0,39.0,292.7,126.24,35.74,19.91,14.4,26.0,143.85,49928.08,52917.93,23.314999999999998,21.061666666666664,49638.59,11.579999999999998,21.32,18,1,0,1
51.13,51929.59,13.2,54,13.5,0,0.0,0.0,0.0,130.35,47.32,35.74,19.91,26.26,139.13,51442.17,53290.32,30.090000000000003,22.097916666666666,50054.99,3.8100000000000023,24.87,19,1,0,1
55.31,51673.28,12.2,57,11.0,0,0.0,0.0,0.0,105.1,51.13,47.32,35.74,25.82,139.03,51929.59,52663.46,37.30166666666667,23.326666666666668,50494.50833333333,4.18,29.490000000000002,20,1,0,1
50.95,50570.51,11.2,61,11.4,0,0.0,0.0,0.0,108.88,55.31,51.13,47.32,23.59,138.01,51673.28,51512.22,43.39333333333334,24.466666666666665,50793.89333333333,-4.359999999999999,27.360000000000003,21,1,0,0
47.22,48608.99,10.4,63,10.5,0,0.0,0.0,0.0,103.39,50.95,55.31,51.13,21.88,151.72,50570.51,49460.07,47.945,25.522499999999997,50692.10333333333,-3.730000000000004,25.34,22,1,0,0
41.31,46756.41,9.6,66,10.3,88,0.0,0.0,0.0,97.66,47.22,50.95,55.31,18.32,141.81,48608.99,47278.96,48.873333333333335,26.48041666666667,50163.49166666667,-5.909999999999997,22.990000000000002,23,1,0,0
28.86,45287.99,9.1,67,10.0,81,0.0,0.0,0.0,91.8,41.31,47.22,50.95,18.8,93.91,46756.41,45660.03,45.796666666666674,26.89958333333333,49137.795000000006,-12.450000000000003,10.059999999999999,0,2,0,0
29.12,44794.68,8.6,69,9.5,2,0.0,0.0,0.0,89.97,28.86,41.31,47.22,17.65,100.83,45287.99,44577.99,42.12833333333334,27.377499999999998,47948.64333333333,0.26000000000000156,11.470000000000002,1,2,0,0
29.47,44655.21,7.6,73,7.6,0,0.0,0.0,0.0,63.59,29.12,28.86,41.31,17.39,93.41,44794.68,43996.36,37.821666666666665,27.88083333333333,46778.965,0.34999999999999787,12.079999999999998,2,2,0,0
31.0,45084.14,7.1,75,7.0,23,0.0,0.0,0.0,53.87,29.47,29.12,28.86,17.5,100.82,44655.21,43878.72,34.49666666666667,28.44333333333333,45864.57,1.5300000000000011,13.5,3,2,0,0
32.82,46539.17,6.4,76,6.7,14,0.0,0.0,0.0,48.19,31.0,29.47,29.12,19.08,125.89,45084.14,44336.8,32.09666666666667,29.015833333333333,45519.6,1.8200000000000003,13.740000000000002,4,2,0,0
44.79,49566.03,5.9,76,7.9,2,0.0,0.0,0.0,69.23,32.82,31.0,29.47,23.86,175.0,46539.17,46392.05,32.67666666666667,29.887916666666666,45987.869999999995,11.969999999999999,20.93,5,2,0,0
51.62,53732.97,5.2,77,8.3,81,0.0,0.0,0.0,73.69,44.79,32.82,31.0,24.04,138.15,49566.03,49628.35,36.47,31.03708333333333,47395.36666666667,6.829999999999998,27.58,6,2,0,0
55.61,55785.93,4.8,79,6.7,96,0.0,0.0,0.0,51.73,51.62,44.79,32.82,28.1,147.11,53732.97,50931.37,40.885,32.18333333333333,49227.24166666667,3.990000000000002,27.509999999999998,7,2,0,0
27.28,54899.02,4.7,80,7.7,100,18.0,5.0,51.2,70.54,55.61,51.62,44.79,24.13,92.98,55785.93,50800.23,40.52,32.31458333333333,50934.543333333335,-28.33,3.150000000000002,8,2,0,0
13.11,53534.02,6.1,74,6.5,100,154.0,78.0,357.2,54.21,27.28,55.61,51.62,20.23,74.71,54899.02,50739.0,37.538333333333334,32.017916666666665,52342.85666666667,-14.170000000000002,-7.120000000000001,9,2,0,0
7.98,52465.92,7.4,69,7.8,80,298.0,139.0,355.2,75.68,13.11,27.28,55.61,16.13,48.94,53534.02,50511.94,33.39833333333333,31.67833333333333,53330.64833333334,-5.129999999999999,-8.149999999999999,10,2,0,0
3.94,51410.91,9.1,64,8.7,64,490.0,341.0,646.6,99.41,7.98,13.11,27.28,12.94,40.04,52465.92,50212.32,26.59,31.30333333333333,53638.12833333333,-4.040000000000001,-9.0,11,2,0,0
1.93,50416.15,9.9,60,10.9,52,550.0,356.0,576.7,135.32,3.94,7.98,13.11,9.87,30.83,51410.91,49836.09,18.308333333333334,30.9725,53085.325000000004,-2.01,-7.9399999999999995,12,2,0,0
1.4,49569.06,10.8,58,12.8,9,545.0,342.0,522.1,152.69,1.93,3.94,7.98,10.48,24.29,50416.15,49431.19,9.273333333333333,30.594166666666666,52049.18,-0.53,-9.08,13,2,0,0
0.66,48975.44,11.5,56,14.9,3,661.0,557.0,873.2,157.03,1.4,1.93,3.94,12.04,23.13,49569.06,49036.17,4.836666666666667,30.12,51061.916666666664,-0.7399999999999999,-11.379999999999999,14,2,0,1
0.47,48882.76,12.4,51,20.8,28,554.0,442.0,779.4,153.46,0.66,1.4,1.93,14.4,20.23,48975.44,48774.2,2.73,29.539583333333336,50286.706666666665,-0.19000000000000006,-13.93,15,2,0,1
5.77,49432.45,11.9,54,19.1,48,362.0,232.0,518.4,139.05,0.47,0.66,1.4,19.91,37.27,48882.76,49219.73,2.3616666666666664,28.950416666666666,49781.128333333334,5.3,-14.14,16,2,0,1
25.17,50776.79,11.9,52,14.0,42,187.0,92.0,320.3,138.39,5.77,0.47,0.66,35.74,101.15,49432.45,49928.08,5.8999999999999995,28.51,49675.44166666667,19.400000000000002,-10.57,17,2,0,1
39.19,53102.71,10.9,59,11.2,2,59.0,31.0,229.5,115.15,25.17,5.77,0.47,47.32,70.72,50776.79,51442.17,12.11,28.17125,50123.20166666667,14.019999999999996,-8.130000000000003,18,2,0,1
47.91,54107.5,9.9,63,10.2,0,0.0,0.0,0.0,101.08,39.19,25.17,5.77,51.13,66.6,53102.71,51929.59,19.861666666666665,28.03708333333333,50879.60833333334,8.719999999999999,-3.220000000000006,19,2,0,1
54.51,54343.82,9.1,67,8.9,11,0.0,0.0,0.0,80.68,47.91,39.19,25.17,55.31,60.85,54107.5,51673.28,28.836666666666662,28.003749999999997,51774.33833333334,6.600000000000001,-0.8000000000000043,20,2,0,1
59.47,53850.97,8.2,73,6.6,0,0.0,0.0,0.0,52.24,54.51,47.91,39.19,50.95,51.33,54343.82,50570.51,38.669999999999995,28.35875,52602.37333333333,4.960000000000001,8.519999999999996,21,2,0,0
55.58,52029.46,7.3,78,4.5,0,0.0,0.0,0.0,30.35,59.47,54.51,47.91,47.22,60.83,53850.97,48608.99,46.971666666666664,28.707083333333333,53035.208333333336,-3.8900000000000006,8.36,22,2,0,0
50.75,50420.42,6.4,80,3.6,0,0.0,0.0,0.0,21.83,55.58,59.47,54.51,41.31,60.56,52029.46,46756.41,51.23499999999999,29.100416666666664,52975.81333333333,-4.829999999999998,9.439999999999998,23,2,0,0
53.33,49640.97,4.9,82,1.9,0,0.0,0.0,0.0,9.79,50.75,55.58,59.47,28.86,38.49,50420.42,45287.99,53.59166666666667,30.119999999999994,52398.85666666666,2.5799999999999983,24.47,0,3,0,0
45.11,49634.3,4.3,87,2.5,0,0.0,0.0,0.0,15.85,53.33,50.75,55.58,29.12,39.8,49640.97,44794.68,53.125,30.78625,51653.323333333334,-8.219999999999999,15.989999999999998,1,3,0,0
38.04,49995.51,4.0,89,4.0,0,0.0,0.0,0.0,24.59,45.11,53.33,50.75,29.47,40.64,49634.3,44655.21,50.379999999999995,31.143333333333334,50928.605,-7.07,8.57,2,3,0,0
30.0,50850.86,3.7,89,5.6,0,0.0,0.0,0.0,41.88,38.04,45.11,53.33,31.0,41.59,49995.51,45084.14,45.468333333333334,31.10166666666667,50428.58666666667,-8.04,-1.0,3,3,0,0
29.7,52386.38,3.2,90,5.4,0,0.0,0.0,0.0,37.38,30.0,38.04,45.11,32.82,47.24,50850.86,46539.17,41.154999999999994,30.971666666666664,50488.073333333334,-0.3000000000000007,-3.120000000000001,4,3,0,0
31.34,55352.85,3.0,89,6.4,0,0.0,0.0,0.0,52.89,29.7,30.0,38.04,44.79,67.38,52386.38,49566.03,37.919999999999995,30.41125,51310.145,1.6400000000000006,-13.45,5,3,0,0
38.74,59736.2,2.5,90,8.2,0,0.0,0.0,0.0,68.41,31.34,29.7,30.0,51.62,77.27,55352.85,53732.97,35.48833333333334,29.874583333333334,52992.68333333333,7.400000000000002,-12.879999999999995,6,3,0,0
33.99,61572.23,2.3,90,8.3,0,0.0,0.0,0.0,77.14,38.74,31.34,29.7,55.61,89.11,59736.2,55785.93,33.635,28.97375,54982.33833333334,-4.75,-21.619999999999997,7,3,0,0
20.08,59287.49,3.0,87,8.5,0,23.0,11.0,111.1,75.37,33.99,38.74,31.34,27.28,50.62,61572.23,54899.02,30.641666666666666,28.67375,56531.00166666667,-13.910000000000004,-7.200000000000003,8,3,0,0
6.98,56415.14,5.4,80,7.7,0,181.0,127.0,573.6,68.86,20.08,33.99,38.74,13.11,37.55,59287.49,53534.02,26.805000000000003,28.418333333333333,57458.381666666675,-13.099999999999998,-6.129999999999999,9,3,0,0
2.0,53745.64,8.0,68,7.3,0,378.0,302.0,765.2,78.45,6.98,20.08,33.99,7.98,28.3,56415.14,52465.92,22.188333333333336,28.169166666666666,57684.924999999996,-4.98,-5.98,10,3,0,0
1.0,51464.01,10.6,61,6.7,0,544.0,456.0,858.7,77.18,2.0,6.98,20.08,3.94,18.21,53745.64,51410.91,17.131666666666668,28.046666666666667,57036.784999999996,-1.0,-2.94,11,3,0,0
0.76,49769.22,14.4,53,7.2,0,655.0,562.0,904.7,93.23,1.0,2.0,6.98,1.93,13.0,51464.01,50416.15,10.801666666666668,27.997916666666665,55375.62166666667,-0.24,-1.17,12,3,0,0
0.56,48679.07,16.5,43,10.5,0,698.0,603.0,915.0,135.01,0.76,1.0,2.0,1.4,13.44,49769.22,49569.06,5.2299999999999995,27.96291666666667,53226.76166666666,-0.19999999999999996,-0.8399999999999999,13,3,0,0
0.2,48252.74,17.6,33,14.0,0,675.0,582.0,906.6,157.12,0.56,0.76,1.0,0.66,11.42,48679.07,48975.44,1.9166666666666667,27.943749999999998,51387.636666666665,-0.36000000000000004,-0.46,14,3,0,1
0.01,48018.15,18.5,31,13.9,0,587.0,500.0,875.5,148.39,0.2,0.56,0.76,0.47,12.62,48252.74,48882.76,0.755,27.92458333333333,49988.138333333336,-0.19,-0.45999999999999996,15,3,0,1
3.89,48265.6,19.0,30,12.9,0,442.0,363.0,804.2,145.45,0.01,0.2,0.56,5.77,20.25,48018.15,49432.45,1.07,27.84625,49074.79833333333,3.8800000000000003,-1.8799999999999994,16,3,0,1
26.3,49136.0,18.2,37,8.7,0,255.0,194.0,666.9,82.46,3.89,0.01,0.2,25.17,36.94,48265.6,50776.79,5.286666666666666,27.89333333333333,48686.79666666667,22.41,1.129999999999999,17,3,0,1
42.01,50951.61,16.8,41,9.9,0,68.0,43.0,314.2,92.1,26.3,3.89,0.01,39.19,40.3,49136.0,53102.71,12.161666666666667,28.010833333333334,48883.861666666664,15.709999999999997,2.8200000000000003,18,3,0,1
42.94,51732.62,15.5,44,10.7,0,0.0,0.0,0.0,107.28,42.01,26.3,3.89,47.91,52.02,50951.61,54107.5,19.224999999999998,27.803750000000004,49392.78666666666,0.9299999999999997,-4.969999999999999,19,3,0,1
36.68,51793.03,14.5,46,10.3,0,0.0,0.0,0.0,101.53,42.94,42.01,26.3,54.51,56.8,51732.62,54343.82,25.304999999999996,27.060833333333335,49982.835,-6.259999999999998,-17.83,20,3,0,1
31.94,51089.16,13.5,50,9.0,0,0.0,0.0,0.0,82.28,36.68,42.94,42.01,59.47,63.95,51793.03,53850.97,30.626666666666665,25.913750000000004,50494.670000000006,-4.739999999999998,-27.529999999999998,21,3,0,0
23.84,49586.08,12.4,56,7.3,0,0.0,0.0,0.0,56.27,31.94,36.68,42.94,55.58,84.89,51089.16,52029.46,33.95166666666666,24.59125,50714.75,-8.100000000000001,-31.74,22,3,0,0
24.04,47790.64,11.8,59,8.0,0,0.0,0.0,0.0,67.74,23.84,31.94,36.68,50.75,87.93,49586.08,50420.42,33.574999999999996,23.478333333333335,50490.52333333334,0.1999999999999993,-26.71,23,3,0,0
21.45,46415.88,10.5,60,9.4,0,0.0,0.0,0.0,86.45,24.04,23.84,31.94,53.33,60.44,47790.64,49640.97,30.148333333333337,22.150000000000002,49734.56833333333,-2.59,-31.88,0,4,0,0
20.38,45757.69,9.9,60,10.2,0,0.0,0.0,0.0,94.25,21.45,24.04,23.84,45.11,75.68,46415.88,49634.3,26.388333333333332,21.11958333333333,48738.746666666666,-1.0700000000000003,-24.73,1,4,0,0
20.16,45833.09,9.5,60,9.7,0,0.0,0.0,0.0,95.14,20.38,21.45,24.04,38.04,80.74,45757.69,49995.51,23.635,20.374583333333334,47745.42333333333,-0.21999999999999886,-17.88,2,4,0,0
20.33,46313.5,9.1,61,9.9,0,0.0,0.0,0.0,96.08,20.16,20.38,21.45,30.0,85.29,45833.09,50850.86,21.7,19.971666666666668,46949.48,0.16999999999999815,-9.670000000000002,3,4,0,0
21.52,47432.6,8.9,61,10.5,0,0.0,0.0,0.0,101.41,20.33,20.16,20.38,29.7,101.14,46313.5,52386.38,21.313333333333333,19.63083333333333,46590.56666666666,1.1900000000000013,-8.18,4,4,0,0
25.93,49990.07,8.6,61,10.6,0,0.0,0.0,0.0,103.61,21.52,20.33,20.16,31.34,110.15,47432.6,55352.85,21.62833333333333,19.405416666666664,46957.138333333336,4.41,-5.41,5,4,0,0
29.53,53690.64,7.9,63,10.0,0,0.0,0.0,0.0,95.49,25.93,21.52,20.33,38.74,126.38,49990.07,59736.2,22.974999999999998,19.021666666666665,48169.59833333333,3.6000000000000014,-9.21,6,4,0,0
28.94,55100.18,7.6,64,9.4,0,0.0,0.0,0.0,80.33,29.53,25.93,21.52,33.99,144.36,53690.64,61572.23,24.401666666666667,18.811249999999998,49726.67999999999,-0.5899999999999999,-5.050000000000001,7,4,0,0
16.78,54323.02,7.9,64,10.2,0,24.0,13.0,129.3,98.19,28.94,29.53,25.93,20.08,79.48,55100.18,59287.49,23.838333333333335,18.67375,51141.668333333335,-12.16,-3.299999999999997,8,4,0,0
5.0,52637.82,10.2,61,10.4,0,184.0,132.0,587.9,107.77,16.78,28.94,29.53,6.98,43.56,54323.02,56415.14,21.283333333333335,18.59125,52195.72166666666,-11.780000000000001,-1.9800000000000004,9,4,0,0
5.5,50776.62,13.2,53,8.3,0,377.0,304.0,763.6,87.58,5.0,16.78,28.94,2.0,37.93,52637.82,53745.64,18.613333333333333,18.737083333333334,52753.05833333334,0.5,3.5,10,4,0,0
7.08,49468.45,16.3,46,7.6,0,539.0,455.0,850.9,88.96,5.5,5.0,16.78,1.0,33.1,50776.62,51464.01,15.471666666666666,18.99041666666667,52666.121666666666,1.58,6.08,11,4,0,0
10.33,48571.17,21.4,35,6.7,0,649.0,558.0,892.7,89.87,7.08,5.5,5.0,0.76,30.0,49468.45,49769.22,12.271666666666667,19.389166666666664,51812.87666666667,3.25,9.57,12,4,0,0
11.79,48592.74,23.5,34,6.7,0,697.0,605.0,912.5,88.8,10.33,7.08,5.5,0.56,25.37,48571.17,48679.07,9.413333333333334,19.857083333333332,50728.30333333334,1.459999999999999,11.229999999999999,13,4,0,0
11.12,48859.58,24.9,33,7.8,0,677.0,585.0,905.6,97.49,11.79,10.33,7.08,0.2,22.75,48592.74,48252.74,8.47,20.312083333333334,49817.73,-0.6699999999999999,10.92,14,4,0,1
9.65,49432.36,25.5,32,9.5,0,589.0,503.0,874.6,119.01,11.12,11.79,10.33,0.01,16.67,48859.58,48018.15,9.245,20.71375,49283.486666666664,-1.4699999999999989,9.64,15,4,0,1
15.71,50102.23,26.0,27,7.7,0,443.0,365.0,801.7,90.45,9.65,11.12,11.79,3.89,24.68,49432.36,48265.6,10.946666666666665,21.20625,49171.08833333334,6.0600000000000005,11.82,16,4,0,1
40.73,50340.36,24.2,40,4.7,0,258.0,197.0,668.8,46.24,15.71,9.65,11.12,26.3,48.19,50102.23,49136.0,16.555,21.8075,49316.40666666667,25.019999999999996,14.429999999999996,17,4,0,1
42.56,50352.45,21.5,46,5.8,0,72.0,45.0,324.5,45.68,40.73,15.71,9.65,42.01,70.0,50340.36,50951.61,21.926666666666666,21.830416666666668,49613.286666666674,1.8300000000000054,0.5500000000000043,18,4,0,1
41.84,49618.46,20.9,43,6.4,0,0.0,0.0,0.0,46.63,42.56,40.73,15.71,42.94,69.24,50352.45,51732.62,26.935000000000002,21.784583333333334,49784.24,-0.7199999999999989,-1.0999999999999943,19,4,0,1
34.35,48676.39,19.6,44,10.7,0,0.0,0.0,0.0,107.1,41.84,42.56,40.73,36.68,64.18,49618.46,51793.03,30.80666666666667,21.6875,49753.708333333336,-7.490000000000002,-2.3299999999999983,20,4,0,1
27.58,47641.96,18.1,47,10.7,0,0.0,0.0,0.0,106.18,34.35,41.84,42.56,31.94,50.83,48676.39,51089.16,33.795,21.50583333333333,49455.30833333334,-6.770000000000003,-4.360000000000003,21,4,0,0
21.01,46255.74,16.8,45,9.9,0,0.0,0.0,0.0,96.13,27.58,34.35,41.84,23.84,54.05,47641.96,49586.08,34.678333333333335,21.387916666666666,48814.22666666666,-6.569999999999997,-2.8299999999999983,22,4,0,0
22.72,44683.05,15.4,46,9.2,0,0.0,0.0,0.0,85.62,21.01,27.58,34.35,24.04,45.05,46255.74,47790.64,31.676666666666666,21.332916666666666,47871.34166666667,1.7099999999999973,-1.3200000000000003,23,4,0,0
24.0,43342.95,14.1,47,11.1,0,0.0,0.0,0.0,114.09,22.72,21.01,27.58,21.45,57.32,44683.05,46415.88,28.583333333333332,21.43916666666667,46703.09166666667,1.2800000000000011,2.5500000000000007,0,5,1,0
21.53,42542.76,12.9,48,11.4,0,0.0,0.0,0.0,113.87,24.0,22.72,21.01,20.38,58.59,43342.95,45757.69,25.198333333333334,21.487083333333334,45523.80833333333,-2.469999999999999,1.1500000000000021,1,5,1,0
21.25,42129.65,11.9,50,11.0,0,0.0,0.0,0.0,113.4,21.53,24.0,22.72,20.16,62.78,42542.76,45833.09,23.015,21.5325,44432.685,-0.28000000000000114,1.0899999999999999,2,5,1,0
19.87,42330.4,11.1,53,10.7,0,0.0,0.0,0.0,105.59,21.25,21.53,24.0,20.33,64.58,42129.65,46313.5,21.73,21.513333333333335,43547.425,-1.379999999999999,-0.4599999999999973,3,5,1,0
22.4,43042.08,10.2,57,8.8,0,0.0,0.0,0.0,84.54,19.87,21.25,21.53,21.52,71.36,42330.4,47432.6,21.96166666666667,21.55,43011.814999999995,2.5299999999999976,0.879999999999999,4,5,1,0
26.32,44508.06,9.6,60,8.5,0,0.0,0.0,0.0,72.28,22.4,19.87,21.25,25.93,113.81,43042.08,49990.07,22.561666666666667,21.56625,42982.65,3.9200000000000017,0.39000000000000057,5,5,1,0
30.86,46442.26,8.8,62,11.3,0,0.0,0.0,0.0,119.16,26.32,22.4,19.87,29.53,95.11,44508.06,53690.64,23.705000000000002,21.621666666666666,43499.20166666667,4.539999999999999,1.3299999999999983,6,5,1,0
29.57,47927.48,8.0,65,10.0,23,0.0,0.0,0.0,95.46,30.86,26.32,22.4,28.94,121.06,46442.26,55100.18,25.045,21.647916666666664,44396.655,-1.2899999999999991,0.629999999999999,7,5,1,0
19.1,48970.5,8.1,65,9.9,27,25.0,13.0,127.4,92.74,29.57,30.86,26.32,16.78,89.79,47927.48,54323.02,24.686666666666667,21.744583333333335,45536.79666666666,-10.469999999999999,2.3200000000000003,8,5,1,0
5.26,48645.51,10.1,59,7.9,2,186.0,132.0,579.7,74.46,19.1,29.57,30.86,5.0,53.84,48970.5,52637.82,22.251666666666665,21.755416666666665,46589.315,-13.840000000000002,0.2599999999999998,9,5,1,0
4.94,47884.09,12.4,51,7.8,44,379.0,304.0,757.0,83.34,5.26,19.1,29.57,5.5,49.9,48645.51,50776.62,19.341666666666665,21.732083333333335,47396.31666666667,-0.3199999999999994,-0.5599999999999996,10,5,1,0
3.19,47177.43,14.8,46,7.3,2,541.0,453.0,841.3,87.49,4.94,5.26,19.1,7.08,46.42,47884.09,49468.45,15.486666666666666,21.569999999999997,47841.21166666667,-1.7500000000000004,-3.89,11,5,1,0
2.57,46804.06,17.7,38,6.4,2,651.0,558.0,887.1,82.69,3.19,4.94,5.26,10.33,38.76,47177.43,48571.17,10.771666666666667,21.246666666666666,47901.511666666665,-0.6200000000000001,-7.76,12,5,1,0
1.51,46928.89,19.8,33,5.6,19,699.0,604.0,905.4,72.98,2.57,3.19,4.94,11.79,33.73,46804.06,48592.74,6.095,20.81833333333333,47735.079999999994,-1.0599999999999998,-10.28,13,5,1,0
1.22,47407.09,21.2,29,5.8,2,677.0,583.0,896.8,75.68,1.51,2.57,3.19,11.12,27.55,46928.89,48859.58,3.115,20.405833333333334,47474.511666666665,-0.29000000000000004,-9.899999999999999,14,5,1,1
0.49,48071.18,22.3,25,6.7,2,590.0,502.0,866.8,87.95,1.22,1.51,2.57,9.65,25.36,47407.09,49432.36,2.32,20.024166666666666,47378.79,-0.73,-9.16,15,5,1,1
2.8,48544.08,22.8,23,7.7,9,446.0,367.0,799.3,91.58,0.49,1.22,1.51,15.71,29.65,48071.18,50102.23,1.9633333333333336,19.486250000000002,47488.78833333333,2.3099999999999996,-12.91,16,5,1,1
30.0,48611.67,22.4,24,8.0,91,261.0,197.0,660.5,82.24,2.8,0.49,1.22,40.73,65.72,48544.08,50340.36,6.4316666666666675,19.039166666666667,47727.82833333333,27.2,-10.729999999999997,17,5,1,1
28.54,48925.34,20.5,29,10.1,99,71.0,41.0,291.8,99.96,30.0,2.8,0.49,42.56,75.99,48611.67,50352.45,10.76,18.455000000000002,48081.375,-1.4600000000000009,-14.020000000000003,18,5,1,1
25.15,48794.4,19.2,31,11.9,100,0.0,0.0,0.0,123.51,28.54,30.0,2.8,41.84,73.73,48925.34,49618.46,14.700000000000001,17.759583333333335,48392.293333333335,-3.3900000000000006,-16.690000000000005,19,5,1,1
20.95,48156.65,18.2,32,13.8,95,0.0,0.0,0.0,126.55,25.15,28.54,30.0,34.35,70.0,48794.4,48676.39,17.988333333333333,17.201249999999998,48517.22,-4.199999999999999,-13.400000000000002,20,5,1,1
19.66,47368.93,17.4,36,13.5,100,0.0,0.0,0.0,121.64,20.95,25.15,28.54,27.58,67.1,48156.65,47641.96,21.183333333333334,16.87125,48400.17833333334,-1.2899999999999991,-7.919999999999998,21,5,1,0
17.27,46124.56,16.7,40,13.6,99,0.0,0.0,0.0,123.94,19.66,20.95,25.15,21.01,92.91,47368.93,46255.74,23.595,16.715416666666666,47996.924999999996,-2.3900000000000006,-3.740000000000002,22,5,1,0
17.31,44719.18,16.0,43,14.4,89,0.0,0.0,0.0,119.7,17.27,19.66,20.95,22.72,72.99,46124.56,44683.05,21.48,16.49,47348.176666666666,0.03999999999999915,-5.41,23,5,1,0
15.33,43363.79,14.7,50,14.7,69,0.0,0.0,0.0,125.91,17.31,17.27,19.66,24.0,60.05,44719.18,43342.95,19.278333333333332,16.12875,46421.25166666667,-1.9799999999999986,-8.67,0,6,1,0
15.69,42450.7,14.2,53,13.9,63,0.0,0.0,0.0,126.65,15.33,17.31,17.27,21.53,63.69,43363.79,42542.76,17.701666666666664,15.885416666666666,45363.96833333333,0.35999999999999943,-5.840000000000002,1,6,1,0
14.65,41854.35,13.9,56,12.3,100,0.0,0.0,0.0,123.26,15.69,15.33,17.31,21.25,63.04,42450.7,42129.65,16.651666666666667,15.610416666666666,44313.585,-1.0399999999999991,-6.6,2,6,1,0
15.28,41363.12,14.2,58,12.5,89,0.0,0.0,0.0,129.43,14.65,15.69,15.33,19.87,64.44,41854.35,42330.4,15.921666666666667,15.419166666666664,43312.61666666667,0.629999999999999,-4.590000000000002,3,6,1,0
17.77,41691.95,14.1,61,13.4,76,0.0,0.0,0.0,121.03,15.28,14.65,15.69,22.4,74.42,41363.12,43042.08,16.005,15.22625,42573.848333333335,2.49,-4.629999999999999,4,6,1,0
22.48,42201.4,13.6,62,12.1,96,0.0,0.0,0.0,120.31,17.77,15.28,14.65,26.32,75.39,41691.95,44508.06,16.866666666666664,15.066249999999998,42154.21833333333,4.710000000000001,-3.84,5,6,1,0
22.75,43190.81,13.4,61,11.4,98,0.0,0.0,0.0,116.15,22.48,17.77,15.28,30.86,81.6,42201.4,46442.26,18.103333333333335,14.728333333333332,42125.388333333336,0.2699999999999996,-8.11,6,6,1,0
27.15,44422.22,13.0,59,10.7,99,0.0,0.0,0.0,108.14,22.75,22.48,17.77,29.57,69.27,43190.81,47927.48,20.013333333333332,14.6275,42453.975,4.399999999999999,-2.4200000000000017,7,6,1,0
19.0,45710.14,12.9,56,11.0,100,13.0,4.0,38.6,115.15,27.15,22.75,22.48,19.1,43.53,44422.22,48970.5,20.738333333333333,14.623333333333335,43096.60666666667,-8.149999999999999,-0.10000000000000142,8,6,1,0
15.25,46761.33,13.6,52,10.8,99,49.0,0.0,0.0,107.55,19.0,27.15,22.75,5.26,28.76,45710.14,48645.51,20.733333333333334,15.039583333333333,43996.30833333333,-3.75,9.99,9,6,1,0
15.12,46863.21,14.9,48,5.2,100,140.0,16.0,39.5,45.81,15.25,19.0,27.15,4.94,25.18,46761.33,47884.09,20.291666666666668,15.46375,44858.185,-0.13000000000000078,10.18,10,6,1,0
14.48,46762.49,15.1,48,6.3,100,103.0,1.0,1.8,52.47,15.12,15.25,19.0,3.19,25.36,46863.21,47177.43,18.958333333333332,15.934166666666664,45618.36666666666,-0.6399999999999988,11.290000000000001,11,6,1,0
14.42,47048.14,18.3,41,1.6,100,196.0,20.0,31.6,15.35,14.48,15.12,15.25,2.57,22.99,46762.49,46804.06,17.57,16.427916666666665,46261.255,-0.0600000000000005,11.85,12,6,1,0
15.0,47532.17,21.5,34,5.9,100,460.0,194.0,289.1,68.64,14.42,14.48,15.12,1.51,19.76,47048.14,46928.89,15.545,16.99,46779.579999999994,0.5800000000000001,13.49,13,6,1,0
16.07,48169.49,23.7,29,5.4,88,451.0,198.0,302.7,62.15,15.0,14.42,14.48,1.22,12.21,47532.17,47407.09,15.056666666666667,17.608749999999997,47189.47166666667,1.0700000000000003,14.85,14,6,1,1
16.3,48889.4,25.9,24,7.2,86,456.0,265.0,454.4,76.03,16.07,15.0,14.42,0.49,8.38,48169.49,48071.18,15.231666666666667,18.267500000000002,47544.149999999994,0.23000000000000043,15.81,15,6,1,1
25.74,49903.1,26.5,23,12.4,50,420.0,308.0,665.2,150.14,16.3,16.07,15.0,2.8,12.2,48889.4,48544.08,17.001666666666665,19.223333333333333,48050.79833333333,9.439999999999998,22.939999999999998,16,6,1,1
41.33,50181.42,25.1,27,11.0,99,249.0,172.0,569.7,126.04,25.74,16.3,16.07,30.0,37.91,49903.1,48611.67,21.47666666666667,19.695416666666667,48620.619999999995,15.59,11.329999999999998,17,6,1,1
42.64,50045.62,23.2,32,10.9,91,72.0,40.0,281.1,109.68,41.33,25.74,16.3,28.54,44.15,50181.42,48925.34,26.179999999999996,20.282916666666665,49120.19999999999,1.3100000000000023,14.100000000000001,18,6,1,1
41.24,49175.08,21.9,35,13.1,99,0.0,0.0,0.0,125.9,42.64,41.33,25.74,25.15,36.38,50045.62,48794.4,30.55333333333333,20.953333333333333,49394.01833333333,-1.3999999999999986,16.090000000000003,19,6,1,1
32.29,48001.23,21.0,39,13.2,72,0.0,0.0,0.0,126.19,41.24,42.64,41.33,20.95,27.41,49175.08,48156.65,33.25666666666667,21.425833333333333,49365.975000000006,-8.950000000000003,11.34,20,6,1,1
27.68,47223.36,20.2,44,13.5,99,0.0,0.0,0.0,125.49,32.29,41.24,42.64,19.66,24.42,48001.23,47368.93,35.15333333333333,21.76,49088.301666666666,-4.609999999999999,8.02,21,6,1,0
28.18,46026.7,19.6,47,11.9,97,0.0,0.0,0.0,121.5,27.68,32.29,41.24,17.27,22.74,47223.36,46124.56,35.559999999999995,22.214583333333334,48442.23500000001,0.5,10.91,22,6,1,0
24.67,43732.78,19.0,51,9.8,100,0.0,0.0,0.0,90.02,28.18,27.68,32.29,17.31,24.13,46026.7,44719.18,32.78333333333333,22.52125,47367.46166666667,-3.509999999999998,7.360000000000003,23,6,1,0
